ZONEID,timestamp,Forecasted_Total_Load,Forecasted_Zonal_Load,Zonal_Price,year,year_2011,year_2012,year_2013,month,month_1,month_2,month_3,month_4,month_5,month_6,month_7,month_8,month_9,month_10,month_11,month_12,day,day_samedi,day_dimanche,day_lundi,day_mardi,day_mercredi,day_jeudi,day_vendredi,samedi,dimanche,weekend,hour,hour_0,hour_1,hour_2,hour_3,hour_4,hour_5,hour_6,hour_7,hour_8,hour_9,hour_10,hour_11,hour_12,hour_13,hour_14,hour_15,hour_16,hour_17,hour_18,hour_19,hour_20,hour_21,hour_22,hour_23,prev_day_price,prev_day2_price,prev_week_price,Min_Price,Max_price,sqrtotalload,sqrzonalload,cubtotalload,cubzonalload,daynum
1,2013-06-06T00:00:00Z,14208,4815,28.71,2013,0,0,1,6,0,0,0,0,0,1,0,0,0,0,0,0,jeudi,0,0,0,0,0,1,0,0,0,0,0,1,0,0,0,0,0,0,0,0,0,0,0,0,0,0,0,0,0,0,0,0,0,0,0,29.82,33.59,47.53,21.23,51.5,201867264,23184225,2868130086912,111632043375,4
1,2013-06-06T01:00:00Z,13534,4594,24.05,2013,0,0,1,6,0,0,0,0,0,1,0,0,0,0,0,0,jeudi,0,0,0,0,0,1,0,0,0,0,1,0,1,0,0,0,0,0,0,0,0,0,0,0,0,0,0,0,0,0,0,0,0,0,0,25.22,29.04,40.04,21.23,51.5,183169156,21104836,2479011357304,96955616584,4
1,2013-06-06T02:00:00Z,13144,4447,21.18,2013,0,0,1,6,0,0,0,0,0,1,0,0,0,0,0,0,jeudi,0,0,0,0,0,1,0,0,0,0,2,0,0,1,0,0,0,0,0,0,0,0,0,0,0,0,0,0,0,0,0,0,0,0,0,22.43,25.2,37.33,21.18,51.5,172764736,19775809,2270819689984,87943022623,4
1,2013-06-06T03:00:00Z,12960,4361,20.11,2013,0,0,1,6,0,0,0,0,0,1,0,0,0,0,0,0,jeudi,0,0,0,0,0,1,0,0,0,0,3,0,0,0,1,0,0,0,0,0,0,0,0,0,0,0,0,0,0,0,0,0,0,0,0,21.29,23.99,36.17,20.11,51.5,167961600,19018321,2176782336000,82938897881,4
1,2013-06-06T04:00:00Z,13036,4339,20,2013,0,0,1,6,0,0,0,0,0,1,0,0,0,0,0,0,jeudi,0,0,0,0,0,1,0,0,0,0,4,0,0,0,0,1,0,0,0,0,0,0,0,0,0,0,0,0,0,0,0,0,0,0,0,21.23,23.55,36.67,20,51.5,169937296,18826921,2215302590656,81690010219,4
1,2013-06-06T05:00:00Z,13625,4455,21.56,2013,0,0,1,6,0,0,0,0,0,1,0,0,0,0,0,0,jeudi,0,0,0,0,0,1,0,0,0,0,5,0,0,0,0,0,1,0,0,0,0,0,0,0,0,0,0,0,0,0,0,0,0,0,0,22.83,24.57,37.54,20,51.5,185640625,19847025,2529353515625,88418496375,4
1,2013-06-06T06:00:00Z,14944,4978,31.24,2013,0,0,1,6,0,0,0,0,0,1,0,0,0,0,0,0,jeudi,0,0,0,0,0,1,0,0,0,0,6,0,0,0,0,0,0,1,0,0,0,0,0,0,0,0,0,0,0,0,0,0,0,0,0,32.31,33.78,40.4,20,51.5,223323136,24780484,3337340944384,123357249352,4
1,2013-06-06T07:00:00Z,16840,5717,34.27,2013,0,0,1,6,0,0,0,0,0,1,0,0,0,0,0,0,jeudi,0,0,0,0,0,1,0,0,0,0,7,0,0,0,0,0,0,0,1,0,0,0,0,0,0,0,0,0,0,0,0,0,0,0,0,35.08,36.52,55.19,20,51.5,283585600,32684089,4775581504000,186854936813,4
1,2013-06-06T08:00:00Z,18072,6280,41.47,2013,0,0,1,6,0,0,0,0,0,1,0,0,0,0,0,0,jeudi,0,0,0,0,0,1,0,0,0,0,8,0,0,0,0,0,0,0,0,1,0,0,0,0,0,0,0,0,0,0,0,0,0,0,0,40.39,38.92,60.13,20,51.5,326597184,39438400,5902264309248,247673152000,4
1,2013-06-06T09:00:00Z,18823,6662,46.96,2013,0,0,1,6,0,0,0,0,0,1,0,0,0,0,0,0,jeudi,0,0,0,0,0,1,0,0,0,0,9,0,0,0,0,0,0,0,0,0,1,0,0,0,0,0,0,0,0,0,0,0,0,0,0,44.28,46.02,67.94,20,51.5,354305329,44382244,6669089207767,295674509528,4
1,2013-06-06T10:00:00Z,19259,6849,48.19,2013,0,0,1,6,0,0,0,0,0,1,0,0,0,0,0,0,jeudi,0,0,0,0,0,1,0,0,0,0,10,0,0,0,0,0,0,0,0,0,0,1,0,0,0,0,0,0,0,0,0,0,0,0,0,42.3,49.37,73.05,20,51.5,370909081,46908801,7143337990979,321278378049,4
1,2013-06-06T11:00:00Z,19532,6953,48.48,2013,0,0,1,6,0,0,0,0,0,1,0,0,0,0,0,0,jeudi,0,0,0,0,0,1,0,0,0,0,11,0,0,0,0,0,0,0,0,0,0,0,1,0,0,0,0,0,0,0,0,0,0,0,0,43.79,52.2,80.06,20,51.5,381499024,48344209,7451438936768,336137285177,4
1,2013-06-06T12:00:00Z,19585,6995,49.81,2013,0,0,1,6,0,0,0,0,0,1,0,0,0,0,0,0,jeudi,0,0,0,0,0,1,0,0,0,0,12,0,0,0,0,0,0,0,0,0,0,0,0,1,0,0,0,0,0,0,0,0,0,0,0,46.33,50.79,100.86,20,51.5,383572225,48930025,7512262026625,342265524875,4
1,2013-06-06T13:00:00Z,19651,7033,50.96,2013,0,0,1,6,0,0,0,0,0,1,0,0,0,0,0,0,jeudi,0,0,0,0,0,1,0,0,0,0,13,0,0,0,0,0,0,0,0,0,0,0,0,0,1,0,0,0,0,0,0,0,0,0,0,47.21,50.96,110.75,20,51.5,386161801,49463089,7588465551451,347873904937,4
1,2013-06-06T14:00:00Z,19622,7039,54.53,2013,0,0,1,6,0,0,0,0,0,1,0,0,0,0,0,0,jeudi,0,0,0,0,0,1,0,0,0,0,14,0,0,0,0,0,0,0,0,0,0,0,0,0,0,1,0,0,0,0,0,0,0,0,0,47.81,50.99,119.82,20,54.53,385022884,49547521,7554919029848,348765000319,4
1,2013-06-06T15:00:00Z,19542,7013,50.49,2013,0,0,1,6,0,0,0,0,0,1,0,0,0,0,0,0,jeudi,0,0,0,0,0,1,0,0,0,0,15,0,0,0,0,0,0,0,0,0,0,0,0,0,0,0,1,0,0,0,0,0,0,0,0,50.95,50.94,133.14,20,54.53,381889764,49182169,7462889768088,344914551197,4
1,2013-06-06T16:00:00Z,19581,7022,49.75,2013,0,0,1,6,0,0,0,0,0,1,0,0,0,0,0,0,jeudi,0,0,0,0,0,1,0,0,0,0,16,0,0,0,0,0,0,0,0,0,0,0,0,0,0,0,0,1,0,0,0,0,0,0,0,51.5,51.88,145.02,20,54.53,383415561,49308484,7507660099941,346244174648,4
1,2013-06-06T17:00:00Z,19482,6946,49.15,2013,0,0,1,6,0,0,0,0,0,1,0,0,0,0,0,0,jeudi,0,0,0,0,0,1,0,0,0,0,17,0,0,0,0,0,0,0,0,0,0,0,0,0,0,0,0,0,1,0,0,0,0,0,0,50.42,48.86,127.76,20,54.53,379548324,48246916,7394360448168,335123078536,4
1,2013-06-06T18:00:00Z,19058,6643,47.49,2013,0,0,1,6,0,0,0,0,0,1,0,0,0,0,0,0,jeudi,0,0,0,0,0,1,0,0,0,0,18,0,0,0,0,0,0,0,0,0,0,0,0,0,0,0,0,0,0,1,0,0,0,0,0,49.2,45.92,104.98,20,54.53,363207364,44129449,6922005943112,293151929707,4
1,2013-06-06T19:00:00Z,18659,6386,42.97,2013,0,0,1,6,0,0,0,0,0,1,0,0,0,0,0,0,jeudi,0,0,0,0,0,1,0,0,0,0,19,0,0,0,0,0,0,0,0,0,0,0,0,0,0,0,0,0,0,0,1,0,0,0,0,46.47,42.12,80.46,20,54.53,348158281,40780996,6496285365179,260427440456,4
1,2013-06-06T20:00:00Z,18470,6201,47.71,2013,0,0,1,6,0,0,0,0,0,1,0,0,0,0,0,0,jeudi,0,0,0,0,0,1,0,0,0,0,20,0,0,0,0,0,0,0,0,0,0,0,0,0,0,0,0,0,0,0,0,1,0,0,0,48.44,43.6,80,20,54.53,341140900,38452401,6300872423000,238443338601,4
1,2013-06-06T21:00:00Z,18407,6120,40.86,2013,0,0,1,6,0,0,0,0,0,1,0,0,0,0,0,0,jeudi,0,0,0,0,0,1,0,0,0,0,21,0,0,0,0,0,0,0,0,0,0,0,0,0,0,0,0,0,0,0,0,0,1,0,0,47.02,41.91,72.27,20,54.53,338817649,37454400,6236616465143,229220928000,4
1,2013-06-06T22:00:00Z,17165,5782,38.35,2013,0,0,1,6,0,0,0,0,0,1,0,0,0,0,0,0,jeudi,0,0,0,0,0,1,0,0,0,0,22,0,0,0,0,0,0,0,0,0,0,0,0,0,0,0,0,0,0,0,0,0,0,1,0,37.9,39.06,65.05,20,54.53,294637225,33431524,5057447967125,193301071768,4
1,2013-06-06T23:00:00Z,15577,5305,35.94,2013,0,0,1,6,0,0,0,0,0,1,0,0,0,0,0,0,jeudi,0,0,0,0,0,1,0,0,0,0,23,0,0,0,0,0,0,0,0,0,0,0,0,0,0,0,0,0,0,0,0,0,0,0,1,35.85,32.11,56.51,20,54.53,242642929,28143025,3779648905033,149298747625,4
1,2013-06-17T00:00:00Z,15287,5432,33.8,2013,0,0,1,6,0,0,0,0,0,1,0,0,0,0,0,0,lundi,0,0,1,0,0,0,0,0,0,0,0,1,0,0,0,0,0,0,0,0,0,0,0,0,0,0,0,0,0,0,0,0,0,0,0,34.02,28.55,35.8,21.33,40.87,233692369,29506624,3572455244903,160279981568,1
1,2013-06-17T01:00:00Z,14507,5163,34.24,2013,0,0,1,6,0,0,0,0,0,1,0,0,0,0,0,0,lundi,0,0,1,0,0,0,0,0,0,0,1,0,1,0,0,0,0,0,0,0,0,0,0,0,0,0,0,0,0,0,0,0,0,0,0,28.26,25.78,32.59,21.33,40.87,210453049,26656569,3053042381843,137627865747,1
1,2013-06-17T02:00:00Z,14103,4986,30.17,2013,0,0,1,6,0,0,0,0,0,1,0,0,0,0,0,0,lundi,0,0,1,0,0,0,0,0,0,0,2,0,0,1,0,0,0,0,0,0,0,0,0,0,0,0,0,0,0,0,0,0,0,0,0,24.82,22.22,28.55,21.33,40.87,198894609,24860196,2805010670727,123952937256,1
1,2013-06-17T03:00:00Z,13883,4884,27.4,2013,0,0,1,6,0,0,0,0,0,1,0,0,0,0,0,0,lundi,0,0,1,0,0,0,0,0,0,0,3,0,0,0,1,0,0,0,0,0,0,0,0,0,0,0,0,0,0,0,0,0,0,0,0,22.9,21.78,28.22,21.33,40.87,192737689,23853456,2675777336387,116500279104,1
1,2013-06-17T04:00:00Z,13907,4877,27.22,2013,0,0,1,6,0,0,0,0,0,1,0,0,0,0,0,0,lundi,0,0,1,0,0,0,0,0,0,0,4,0,0,0,0,1,0,0,0,0,0,0,0,0,0,0,0,0,0,0,0,0,0,0,0,21.59,21.65,28.22,21.33,40.87,193404649,23785129,2689678453643,116000074133,1
1,2013-06-17T05:00:00Z,14455,5087,29.29,2013,0,0,1,6,0,0,0,0,0,1,0,0,0,0,0,0,lundi,0,0,1,0,0,0,0,0,0,0,5,0,0,0,0,0,1,0,0,0,0,0,0,0,0,0,0,0,0,0,0,0,0,0,0,21.33,22.1,28.55,21.33,40.87,208947025,25877569,3020329246375,131639193503,1
1,2013-06-17T06:00:00Z,15725,5538,33.37,2013,0,0,1,6,0,0,0,0,0,1,0,0,0,0,0,0,lundi,0,0,1,0,0,0,0,0,0,0,6,0,0,0,0,0,0,1,0,0,0,0,0,0,0,0,0,0,0,0,0,0,0,0,0,21.55,24.59,36.04,21.55,40.87,247275625,30669444,3888409203125,169847380872,1
1,2013-06-17T07:00:00Z,17624,6253,35.48,2013,0,0,1,6,0,0,0,0,0,1,0,0,0,0,0,0,lundi,0,0,1,0,0,0,0,0,0,0,7,0,0,0,0,0,0,0,1,0,0,0,0,0,0,0,0,0,0,0,0,0,0,0,0,22.49,25.45,36.51,22.49,40.87,310605376,39100009,5474109146624,244492356277,1
1,2013-06-17T08:00:00Z,19236,6915,42.09,2013,0,0,1,6,0,0,0,0,0,1,0,0,0,0,0,0,lundi,0,0,1,0,0,0,0,0,0,0,8,0,0,0,0,0,0,0,0,1,0,0,0,0,0,0,0,0,0,0,0,0,0,0,0,26.25,29.44,42.61,26.25,42.09,370023696,47817225,7117775816256,330656110875,1
1,2013-06-17T09:00:00Z,20372,7405,45.25,2013,0,0,1,6,0,0,0,0,0,1,0,0,0,0,0,0,lundi,0,0,1,0,0,0,0,0,0,0,9,0,0,0,0,0,0,0,0,0,1,0,0,0,0,0,0,0,0,0,0,0,0,0,0,28.95,32.35,45.21,27.22,45.25,415018384,54834025,8454754518848,406045955125,1
1,2013-06-17T10:00:00Z,21305,7714,48.05,2013,0,0,1,6,0,0,0,0,0,1,0,0,0,0,0,0,lundi,0,0,1,0,0,0,0,0,0,0,10,0,0,0,0,0,0,0,0,0,0,1,0,0,0,0,0,0,0,0,0,0,0,0,0,32.17,36.55,49.11,27.22,48.05,453903025,59505796,9670403947625,459027710344,1
1,2013-06-17T11:00:00Z,21975,7922,49.32,2013,0,0,1,6,0,0,0,0,0,1,0,0,0,0,0,0,lundi,0,0,1,0,0,0,0,0,0,0,11,0,0,0,0,0,0,0,0,0,0,0,1,0,0,0,0,0,0,0,0,0,0,0,0,32.44,39.74,51.19,27.22,49.32,482900625,62758084,10611741234375,497169541448,1
1,2013-06-17T12:00:00Z,22486,8104,50.51,2013,0,0,1,6,0,0,0,0,0,1,0,0,0,0,0,0,lundi,0,0,1,0,0,0,0,0,0,0,12,0,0,0,0,0,0,0,0,0,0,0,0,1,0,0,0,0,0,0,0,0,0,0,0,34.25,40.15,51.97,27.22,50.51,505620196,65674816,11369375727256,532228708864,1
1,2013-06-17T13:00:00Z,22941,8244,51.7,2013,0,0,1,6,0,0,0,0,0,1,0,0,0,0,0,0,lundi,0,0,1,0,0,0,0,0,0,0,13,0,0,0,0,0,0,0,0,0,0,0,0,0,1,0,0,0,0,0,0,0,0,0,0,35.97,40.04,54.65,27.22,51.7,526289481,67963536,12073606983621,560291390784,1
1,2013-06-17T14:00:00Z,23229,8335,54.01,2013,0,0,1,6,0,0,0,0,0,1,0,0,0,0,0,0,lundi,0,0,1,0,0,0,0,0,0,0,14,0,0,0,0,0,0,0,0,0,0,0,0,0,0,1,0,0,0,0,0,0,0,0,0,38.05,38.85,56.67,27.22,54.01,539586441,69472225,12534053437989,579050995375,1
1,2013-06-17T15:00:00Z,23433,8413,58.36,2013,0,0,1,6,0,0,0,0,0,1,0,0,0,0,0,0,lundi,0,0,1,0,0,0,0,0,0,0,15,0,0,0,0,0,0,0,0,0,0,0,0,0,0,0,1,0,0,0,0,0,0,0,0,37.77,38.5,58.92,27.22,58.36,549105489,70778569,12867188923737,595460100997,1
1,2013-06-17T16:00:00Z,23611,8502,58.97,2013,0,0,1,6,0,0,0,0,0,1,0,0,0,0,0,0,lundi,0,0,1,0,0,0,0,0,0,0,16,0,0,0,0,0,0,0,0,0,0,0,0,0,0,0,0,1,0,0,0,0,0,0,0,40.87,41.36,59.36,27.22,58.97,557479321,72284004,13162644248131,614558602008,1
1,2013-06-17T17:00:00Z,23530,8483,53.08,2013,0,0,1,6,0,0,0,0,0,1,0,0,0,0,0,0,lundi,0,0,1,0,0,0,0,0,0,0,17,0,0,0,0,0,0,0,0,0,0,0,0,0,0,0,0,0,1,0,0,0,0,0,0,37.51,38.41,54.73,27.22,58.97,553660900,71961289,13027640977000,610447614587,1
1,2013-06-17T18:00:00Z,22989,8193,49.54,2013,0,0,1,6,0,0,0,0,0,1,0,0,0,0,0,0,lundi,0,0,1,0,0,0,0,0,0,0,18,0,0,0,0,0,0,0,0,0,0,0,0,0,0,0,0,0,0,1,0,0,0,0,0,35.44,37.93,49.44,27.22,58.97,528494121,67125249,12149551347669,549957165057,1
1,2013-06-17T19:00:00Z,22190,7834,47.87,2013,0,0,1,6,0,0,0,0,0,1,0,0,0,0,0,0,lundi,0,0,1,0,0,0,0,0,0,0,19,0,0,0,0,0,0,0,0,0,0,0,0,0,0,0,0,0,0,0,1,0,0,0,0,35.28,38.03,48.03,27.22,58.97,492396100,61371556,10926269459000,480784769704,1
1,2013-06-17T20:00:00Z,21720,7635,47.1,2013,0,0,1,6,0,0,0,0,0,1,0,0,0,0,0,0,lundi,0,0,1,0,0,0,0,0,0,0,20,0,0,0,0,0,0,0,0,0,0,0,0,0,0,0,0,0,0,0,0,1,0,0,0,37.55,39.35,47.52,27.22,58.97,471758400,58293225,10246592448000,445068772875,1
1,2013-06-17T21:00:00Z,21512,7522,45.27,2013,0,0,1,6,0,0,0,0,0,1,0,0,0,0,0,0,lundi,0,0,1,0,0,0,0,0,0,0,21,0,0,0,0,0,0,0,0,0,0,0,0,0,0,0,0,0,0,0,0,0,1,0,0,38.41,39.27,44.88,27.22,58.97,462766144,56580484,9955025289728,425598400648,1
1,2013-06-17T22:00:00Z,20134,7173,45.07,2013,0,0,1,6,0,0,0,0,0,1,0,0,0,0,0,0,lundi,0,0,1,0,0,0,0,0,0,0,22,0,0,0,0,0,0,0,0,0,0,0,0,0,0,0,0,0,0,0,0,0,0,1,0,35,38.02,40.1,27.22,58.97,405377956,51451929,8161879766104,369064686717,1
1,2013-06-17T23:00:00Z,18452,6695,40,2013,0,0,1,6,0,0,0,0,0,1,0,0,0,0,0,0,lundi,0,0,1,0,0,0,0,0,0,0,23,0,0,0,0,0,0,0,0,0,0,0,0,0,0,0,0,0,0,0,0,0,0,0,1,32.31,32.67,38.1,27.22,58.97,340476304,44823025,6282468761408,300090152375,1
1,2013-06-24T00:00:00Z,17694,5907,38.21,2013,0,0,1,6,0,0,0,0,0,1,0,0,0,0,0,0,lundi,0,0,1,0,0,0,0,0,0,0,0,1,0,0,0,0,0,0,0,0,0,0,0,0,0,0,0,0,0,0,0,0,0,0,0,36.1,35.37,33.8,24.04,55.13,313077636,34892649,5539595691384,206110877643,1
1,2013-06-24T01:00:00Z,16936,5749,33.66,2013,0,0,1,6,0,0,0,0,0,1,0,0,0,0,0,0,lundi,0,0,1,0,0,0,0,0,0,0,1,0,1,0,0,0,0,0,0,0,0,0,0,0,0,0,0,0,0,0,0,0,0,0,0,31.27,29.93,34.24,24.04,55.13,286828096,33051001,4857720633856,190010204749,1
1,2013-06-24T02:00:00Z,16500,5643,30.81,2013,0,0,1,6,0,0,0,0,0,1,0,0,0,0,0,0,lundi,0,0,1,0,0,0,0,0,0,0,2,0,0,1,0,0,0,0,0,0,0,0,0,0,0,0,0,0,0,0,0,0,0,0,0,28.5,26.59,30.17,24.04,55.13,272250000,31843449,4492125000000,179692582707,1
1,2013-06-24T03:00:00Z,16253,5577,29.29,2013,0,0,1,6,0,0,0,0,0,1,0,0,0,0,0,0,lundi,0,0,1,0,0,0,0,0,0,0,3,0,0,0,1,0,0,0,0,0,0,0,0,0,0,0,0,0,0,0,0,0,0,0,0,26.64,25.17,27.4,24.04,55.13,264160009,31102929,4293392626277,173461035033,1
1,2013-06-24T04:00:00Z,16214,5546,30.2,2013,0,0,1,6,0,0,0,0,0,1,0,0,0,0,0,0,lundi,0,0,1,0,0,0,0,0,0,0,4,0,0,0,0,1,0,0,0,0,0,0,0,0,0,0,0,0,0,0,0,0,0,0,0,26.22,24.25,27.22,24.04,55.13,262893796,30758116,4262560008344,170584511336,1
1,2013-06-24T05:00:00Z,16607,5644,32.49,2013,0,0,1,6,0,0,0,0,0,1,0,0,0,0,0,0,lundi,0,0,1,0,0,0,0,0,0,0,5,0,0,0,0,0,1,0,0,0,0,0,0,0,0,0,0,0,0,0,0,0,0,0,0,24.04,24.59,29.29,24.04,55.13,275792449,31854736,4580085200543,179788129984,1
1,2013-06-24T06:00:00Z,18019,6232,37.17,2013,0,0,1,6,0,0,0,0,0,1,0,0,0,0,0,0,lundi,0,0,1,0,0,0,0,0,0,0,6,0,0,0,0,0,0,1,0,0,0,0,0,0,0,0,0,0,0,0,0,0,0,0,0,24.36,26.45,33.37,24.36,55.13,324684361,38837824,5850487500859,242037319168,1
1,2013-06-24T07:00:00Z,20166,7017,48.54,2013,0,0,1,6,0,0,0,0,0,1,0,0,0,0,0,0,lundi,0,0,1,0,0,0,0,0,0,0,7,0,0,0,0,0,0,0,1,0,0,0,0,0,0,0,0,0,0,0,0,0,0,0,0,28.34,28.41,35.48,28.34,55.13,406667556,49238289,8200857934296,345505073913,1
1,2013-06-24T08:00:00Z,22110,7726,52.05,2013,0,0,1,6,0,0,0,0,0,1,0,0,0,0,0,0,lundi,0,0,1,0,0,0,0,0,0,0,8,0,0,0,0,0,0,0,0,1,0,0,0,0,0,0,0,0,0,0,0,0,0,0,0,30.82,31.62,42.09,29.29,55.13,488852100,59691076,10808519931000,461173253176,1
1,2013-06-24T09:00:00Z,23700,8309,52.99,2013,0,0,1,6,0,0,0,0,0,1,0,0,0,0,0,0,lundi,0,0,1,0,0,0,0,0,0,0,9,0,0,0,0,0,0,0,0,0,1,0,0,0,0,0,0,0,0,0,0,0,0,0,0,34.07,34.3,45.25,29.29,55.13,561690000,69039481,13312053000000,573649047629,1
1,2013-06-24T10:00:00Z,25117,8747,56.7,2013,0,0,1,6,0,0,0,0,0,1,0,0,0,0,0,0,lundi,0,0,1,0,0,0,0,0,0,0,10,0,0,0,0,0,0,0,0,0,0,1,0,0,0,0,0,0,0,0,0,0,0,0,0,40.68,39.38,48.05,29.29,56.7,630863689,76510009,15845403276613,669233048723,1
1,2013-06-24T11:00:00Z,26281,9092,61,2013,0,0,1,6,0,0,0,0,0,1,0,0,0,0,0,0,lundi,0,0,1,0,0,0,0,0,0,0,11,0,0,0,0,0,0,0,0,0,0,0,1,0,0,0,0,0,0,0,0,0,0,0,0,45.26,43.62,49.32,29.29,61,690690961,82664464,18152049146041,751585306688,1
1,2013-06-24T12:00:00Z,27202,9346,70.58,2013,0,0,1,6,0,0,0,0,0,1,0,0,0,0,0,0,lundi,0,0,1,0,0,0,0,0,0,0,12,0,0,0,0,0,0,0,0,0,0,0,0,1,0,0,0,0,0,0,0,0,0,0,0,48.15,44.68,50.51,29.29,70.58,739948804,87347716,20128087366408,816351753736,1
1,2013-06-24T13:00:00Z,27877,9518,76.75,2013,0,0,1,6,0,0,0,0,0,1,0,0,0,0,0,0,lundi,0,0,1,0,0,0,0,0,0,0,13,0,0,0,0,0,0,0,0,0,0,0,0,0,1,0,0,0,0,0,0,0,0,0,0,51.61,46,51.7,29.29,76.75,777127129,90592324,21663972975133,862257739832,1
1,2013-06-24T14:00:00Z,28317,9635,94.74,2013,0,0,1,6,0,0,0,0,0,1,0,0,0,0,0,0,lundi,0,0,1,0,0,0,0,0,0,0,14,0,0,0,0,0,0,0,0,0,0,0,0,0,0,1,0,0,0,0,0,0,0,0,0,52.71,46.13,54.01,29.29,94.74,801852489,92833225,22706056931013,894448122875,1
1,2013-06-24T15:00:00Z,28501,9709,100.77,2013,0,0,1,6,0,0,0,0,0,1,0,0,0,0,0,0,lundi,0,0,1,0,0,0,0,0,0,0,15,0,0,0,0,0,0,0,0,0,0,0,0,0,0,0,1,0,0,0,0,0,0,0,0,53.89,50.07,58.36,29.29,100.77,812307001,94264681,23151561835501,915215787829,1
1,2013-06-24T16:00:00Z,28576,9746,113.37,2013,0,0,1,6,0,0,0,0,0,1,0,0,0,0,0,0,lundi,0,0,1,0,0,0,0,0,0,0,16,0,0,0,0,0,0,0,0,0,0,0,0,0,0,0,0,1,0,0,0,0,0,0,0,55.13,50.65,58.97,29.29,113.37,816587776,94984516,23334812286976,925719092936,1
1,2013-06-24T17:00:00Z,28401,9668,96.91,2013,0,0,1,6,0,0,0,0,0,1,0,0,0,0,0,0,lundi,0,0,1,0,0,0,0,0,0,0,17,0,0,0,0,0,0,0,0,0,0,0,0,0,0,0,0,0,1,0,0,0,0,0,0,54.28,46.78,53.08,29.29,113.37,806616801,93470224,22908723765201,903670125632,1
1,2013-06-24T18:00:00Z,27656,9315,74.8,2013,0,0,1,6,0,0,0,0,0,1,0,0,0,0,0,0,lundi,0,0,1,0,0,0,0,0,0,0,18,0,0,0,0,0,0,0,0,0,0,0,0,0,0,0,0,0,0,1,0,0,0,0,0,50.55,43.49,49.54,29.29,113.37,764854336,86769225,21152811516416,808255330875,1
1,2013-06-24T19:00:00Z,26613,8902,65.9,2013,0,0,1,6,0,0,0,0,0,1,0,0,0,0,0,0,lundi,0,0,1,0,0,0,0,0,0,0,19,0,0,0,0,0,0,0,0,0,0,0,0,0,0,0,0,0,0,0,1,0,0,0,0,49.76,40.94,47.87,29.29,113.37,708251769,79245604,18848704328397,705444366808,1
1,2013-06-24T20:00:00Z,25731,8586,63.91,2013,0,0,1,6,0,0,0,0,0,1,0,0,0,0,0,0,lundi,0,0,1,0,0,0,0,0,0,0,20,0,0,0,0,0,0,0,0,0,0,0,0,0,0,0,0,0,0,0,0,1,0,0,0,47.88,40.97,47.1,29.29,113.37,662084361,73719396,17036092692891,632954734056,1
1,2013-06-24T21:00:00Z,25426,8469,62.8,2013,0,0,1,6,0,0,0,0,0,1,0,0,0,0,0,0,lundi,0,0,1,0,0,0,0,0,0,0,21,0,0,0,0,0,0,0,0,0,0,0,0,0,0,0,0,0,0,0,0,0,1,0,0,50.68,41.86,45.27,29.29,113.37,646481476,71723961,16437438008776,607430225709,1
1,2013-06-24T22:00:00Z,23826,8050,54,2013,0,0,1,6,0,0,0,0,0,1,0,0,0,0,0,0,lundi,0,0,1,0,0,0,0,0,0,0,22,0,0,0,0,0,0,0,0,0,0,0,0,0,0,0,0,0,0,0,0,0,0,1,0,44.16,37.4,45.07,29.29,113.37,567678276,64802500,13525502603976,521660125000,1
1,2013-06-24T23:00:00Z,21705,7485,48.65,2013,0,0,1,6,0,0,0,0,0,1,0,0,0,0,0,0,lundi,0,0,1,0,0,0,0,0,0,0,23,0,0,0,0,0,0,0,0,0,0,0,0,0,0,0,0,0,0,0,0,0,0,0,1,37.71,33,40,29.29,113.37,471107025,56025225,10225377977625,419348809125,1
1,2013-07-04T00:00:00Z,19918,7029,39.29,2013,0,0,1,7,0,0,0,0,0,0,1,0,0,0,0,0,jeudi,0,0,0,0,0,1,0,0,0,0,0,1,0,0,0,0,0,0,0,0,0,0,0,0,0,0,0,0,0,0,0,0,0,0,0,32.16,35.14,35.58,26.04,75.01,396726724,49406841,7902002888632,347280685389,4
1,2013-07-04T01:00:00Z,19099,6875,31.85,2013,0,0,1,7,0,0,0,0,0,0,1,0,0,0,0,0,jeudi,0,0,0,0,0,1,0,0,0,0,1,0,1,0,0,0,0,0,0,0,0,0,0,0,0,0,0,0,0,0,0,0,0,0,0,29.6,31.22,32.31,26.04,75.01,364771801,47265625,6966776627299,324951171875,4
1,2013-07-04T02:00:00Z,18383,6623,26.91,2013,0,0,1,7,0,0,0,0,0,0,1,0,0,0,0,0,jeudi,0,0,0,0,0,1,0,0,0,0,2,0,0,1,0,0,0,0,0,0,0,0,0,0,0,0,0,0,0,0,0,0,0,0,0,27.03,27.81,30.39,26.04,75.01,337934689,43864129,6212253387887,290512126367,4
1,2013-07-04T03:00:00Z,17916,6464,24.9,2013,0,0,1,7,0,0,0,0,0,0,1,0,0,0,0,0,jeudi,0,0,0,0,0,1,0,0,0,0,3,0,0,0,1,0,0,0,0,0,0,0,0,0,0,0,0,0,0,0,0,0,0,0,0,26.04,26.32,28.79,24.9,75.01,320983056,41783296,5750732431296,270087225344,4
1,2013-07-04T04:00:00Z,17715,6382,24.8,2013,0,0,1,7,0,0,0,0,0,0,1,0,0,0,0,0,jeudi,0,0,0,0,0,1,0,0,0,0,4,0,0,0,0,1,0,0,0,0,0,0,0,0,0,0,0,0,0,0,0,0,0,0,0,26.36,26.86,29.61,24.8,75.01,313821225,40729924,5559343000875,259938374968,4
1,2013-07-04T05:00:00Z,17439,6288,24.63,2013,0,0,1,7,0,0,0,0,0,0,1,0,0,0,0,0,jeudi,0,0,0,0,0,1,0,0,0,0,5,0,0,0,0,0,1,0,0,0,0,0,0,0,0,0,0,0,0,0,0,0,0,0,0,27.73,28.32,30.16,24.63,75.01,304118721,39538944,5303526375519,248620879872,4
1,2013-07-04T06:00:00Z,17693,6358,27.94,2013,0,0,1,7,0,0,0,0,0,0,1,0,0,0,0,0,jeudi,0,0,0,0,0,1,0,0,0,0,6,0,0,0,0,0,0,1,0,0,0,0,0,0,0,0,0,0,0,0,0,0,0,0,0,32.69,34.76,33.14,24.63,75.01,313042249,40424164,5538656511557,257016834712,4
1,2013-07-04T07:00:00Z,18225,6588,30.35,2013,0,0,1,7,0,0,0,0,0,0,1,0,0,0,0,0,jeudi,0,0,0,0,0,1,0,0,0,0,7,0,0,0,0,0,0,0,1,0,0,0,0,0,0,0,0,0,0,0,0,0,0,0,0,34.91,37,38.72,24.63,75.01,332150625,43401744,6053445140625,285930689472,4
1,2013-07-04T08:00:00Z,19188,6828,32.97,2013,0,0,1,7,0,0,0,0,0,0,1,0,0,0,0,0,jeudi,0,0,0,0,0,1,0,0,0,0,8,0,0,0,0,0,0,0,0,1,0,0,0,0,0,0,0,0,0,0,0,0,0,0,0,40.96,41.89,47.12,24.63,75.01,368179344,46621584,7064625252672,318332175552,4
1,2013-07-04T09:00:00Z,20768,7197,38.86,2013,0,0,1,7,0,0,0,0,0,0,1,0,0,0,0,0,jeudi,0,0,0,0,0,1,0,0,0,0,9,0,0,0,0,0,0,0,0,0,1,0,0,0,0,0,0,0,0,0,0,0,0,0,0,45.42,45.79,57,24.63,75.01,431309824,51796809,8957442424832,372781634373,4
1,2013-07-04T10:00:00Z,22435,7570,45.96,2013,0,0,1,7,0,0,0,0,0,0,1,0,0,0,0,0,jeudi,0,0,0,0,0,1,0,0,0,0,10,0,0,0,0,0,0,0,0,0,0,1,0,0,0,0,0,0,0,0,0,0,0,0,0,51.96,50.5,58.59,24.63,75.01,503329225,57304900,11292191162875,433798093000,4
1,2013-07-04T11:00:00Z,23688,7851,50.29,2013,0,0,1,7,0,0,0,0,0,0,1,0,0,0,0,0,jeudi,0,0,0,0,0,1,0,0,0,0,11,0,0,0,0,0,0,0,0,0,0,0,1,0,0,0,0,0,0,0,0,0,0,0,0,53.58,51.64,63.08,24.63,75.01,561121344,61638201,13291842396672,483921516051,4
1,2013-07-04T12:00:00Z,24475,8036,52,2013,0,0,1,7,0,0,0,0,0,0,1,0,0,0,0,0,jeudi,0,0,0,0,0,1,0,0,0,0,12,0,0,0,0,0,0,0,0,0,0,0,0,1,0,0,0,0,0,0,0,0,0,0,0,56.31,55.76,64.96,24.63,75.01,599025625,64577296,14661152171875,518943150656,4
1,2013-07-04T13:00:00Z,24942,8161,59.61,2013,0,0,1,7,0,0,0,0,0,0,1,0,0,0,0,0,jeudi,0,0,0,0,0,1,0,0,0,0,13,0,0,0,0,0,0,0,0,0,0,0,0,0,1,0,0,0,0,0,0,0,0,0,0,64.53,59.09,70.45,24.63,75.01,622103364,66601921,15516502104888,543538277281,4
1,2013-07-04T14:00:00Z,25065,8192,63.19,2013,0,0,1,7,0,0,0,0,0,0,1,0,0,0,0,0,jeudi,0,0,0,0,0,1,0,0,0,0,14,0,0,0,0,0,0,0,0,0,0,0,0,0,0,1,0,0,0,0,0,0,0,0,0,68.47,60.8,75.55,24.63,75.01,628254225,67108864,15747192149625,549755813888,4
1,2013-07-04T15:00:00Z,25156,8244,73.77,2013,0,0,1,7,0,0,0,0,0,0,1,0,0,0,0,0,jeudi,0,0,0,0,0,1,0,0,0,0,15,0,0,0,0,0,0,0,0,0,0,0,0,0,0,0,1,0,0,0,0,0,0,0,0,74.87,62.93,84.16,24.63,75.01,632824336,67963536,15919328996416,560291390784,4
1,2013-07-04T16:00:00Z,25266,8288,77.67,2013,0,0,1,7,0,0,0,0,0,0,1,0,0,0,0,0,jeudi,0,0,0,0,0,1,0,0,0,0,16,0,0,0,0,0,0,0,0,0,0,0,0,0,0,0,0,1,0,0,0,0,0,0,0,75.01,63.23,81.51,24.63,77.67,638370756,68690944,16129075521096,569310543872,4
1,2013-07-04T17:00:00Z,25169,8229,70.25,2013,0,0,1,7,0,0,0,0,0,0,1,0,0,0,0,0,jeudi,0,0,0,0,0,1,0,0,0,0,17,0,0,0,0,0,0,0,0,0,0,0,0,0,0,0,0,0,1,0,0,0,0,0,0,67.54,60.3,67.38,24.63,77.67,633478561,67716441,15944021901809,557238592989,4
1,2013-07-04T18:00:00Z,24826,8135,57.26,2013,0,0,1,7,0,0,0,0,0,0,1,0,0,0,0,0,jeudi,0,0,0,0,0,1,0,0,0,0,18,0,0,0,0,0,0,0,0,0,0,0,0,0,0,0,0,0,0,1,0,0,0,0,0,58.22,56.22,68.33,24.63,77.67,616330276,66178225,15301015431976,538359860375,4
1,2013-07-04T19:00:00Z,24322,8005,52.86,2013,0,0,1,7,0,0,0,0,0,0,1,0,0,0,0,0,jeudi,0,0,0,0,0,1,0,0,0,0,19,0,0,0,0,0,0,0,0,0,0,0,0,0,0,0,0,0,0,0,1,0,0,0,0,56.63,50.38,62.09,24.63,77.67,591559684,64080025,14387914634248,512960600125,4
1,2013-07-04T20:00:00Z,23936,7966,51.65,2013,0,0,1,7,0,0,0,0,0,0,1,0,0,0,0,0,jeudi,0,0,0,0,0,1,0,0,0,0,20,0,0,0,0,0,0,0,0,0,0,0,0,0,0,0,0,0,0,0,0,1,0,0,0,49.91,48.54,60.57,24.63,77.67,572932096,63457156,13713702649856,505499704696,4
1,2013-07-04T21:00:00Z,23599,7926,50.73,2013,0,0,1,7,0,0,0,0,0,0,1,0,0,0,0,0,jeudi,0,0,0,0,0,1,0,0,0,0,21,0,0,0,0,0,0,0,0,0,0,0,0,0,0,0,0,0,0,0,0,0,1,0,0,49.84,48.4,58.14,24.63,77.67,556912801,62821476,13142585190799,497923018776,4
1,2013-07-04T22:00:00Z,22866,7868,45.55,2013,0,0,1,7,0,0,0,0,0,0,1,0,0,0,0,0,jeudi,0,0,0,0,0,1,0,0,0,0,22,0,0,0,0,0,0,0,0,0,0,0,0,0,0,0,0,0,0,0,0,0,0,1,0,43.39,45.84,53.94,24.63,77.67,522853956,61905424,11955578557896,487071876032,4
1,2013-07-04T23:00:00Z,21884,7718,40.11,2013,0,0,1,7,0,0,0,0,0,0,1,0,0,0,0,0,jeudi,0,0,0,0,0,1,0,0,0,0,23,0,0,0,0,0,0,0,0,0,0,0,0,0,0,0,0,0,0,0,0,0,0,0,1,41.53,42.12,38.17,24.63,77.67,478909456,59567524,10480454535104,459742150232,4
1,2013-07-09T00:00:00Z,21062,7736,49.72,2013,0,0,1,7,0,0,0,0,0,0,1,0,0,0,0,0,mardi,0,0,0,1,0,0,0,0,0,0,0,1,0,0,0,0,0,0,0,0,0,0,0,0,0,0,0,0,0,0,0,0,0,0,0,55.21,50.1,35.14,46.74,110.14,443607844,59845696,9343268410328,462966304256,2
1,2013-07-09T01:00:00Z,19727,7280,42.62,2013,0,0,1,7,0,0,0,0,0,0,1,0,0,0,0,0,mardi,0,0,0,1,0,0,0,0,0,0,1,0,1,0,0,0,0,0,0,0,0,0,0,0,0,0,0,0,0,0,0,0,0,0,0,52.06,45.24,31.22,42.62,110.14,389154529,52998400,7676851393583,385828352000,2
1,2013-07-09T02:00:00Z,18717,6871,39.32,2013,0,0,1,7,0,0,0,0,0,0,1,0,0,0,0,0,mardi,0,0,0,1,0,0,0,0,0,0,2,0,0,1,0,0,0,0,0,0,0,0,0,0,0,0,0,0,0,0,0,0,0,0,0,48.23,38.96,27.81,39.32,110.14,350326089,47210641,6557053407813,324384314311,2
1,2013-07-09T03:00:00Z,18089,6619,38.53,2013,0,0,1,7,0,0,0,0,0,0,1,0,0,0,0,0,mardi,0,0,0,1,0,0,0,0,0,0,3,0,0,0,1,0,0,0,0,0,0,0,0,0,0,0,0,0,0,0,0,0,0,0,0,46.74,37.35,26.32,38.53,110.14,327211921,43811161,5918936438969,289986074659,2
1,2013-07-09T04:00:00Z,17906,6537,39.02,2013,0,0,1,7,0,0,0,0,0,0,1,0,0,0,0,0,mardi,0,0,0,1,0,0,0,0,0,0,4,0,0,0,0,1,0,0,0,0,0,0,0,0,0,0,0,0,0,0,0,0,0,0,0,47.06,37.16,26.86,38.53,110.14,320624836,42732369,5741108313416,279341496153,2
1,2013-07-09T05:00:00Z,18505,6745,38.54,2013,0,0,1,7,0,0,0,0,0,0,1,0,0,0,0,0,mardi,0,0,0,1,0,0,0,0,0,0,5,0,0,0,0,0,1,0,0,0,0,0,0,0,0,0,0,0,0,0,0,0,0,0,0,48.87,35.14,28.32,38.53,110.14,342435025,45495025,6336760137625,306863943625,2
1,2013-07-09T06:00:00Z,19525,7141,39.11,2013,0,0,1,7,0,0,0,0,0,0,1,0,0,0,0,0,mardi,0,0,0,1,0,0,0,0,0,0,6,0,0,0,0,0,0,1,0,0,0,0,0,0,0,0,0,0,0,0,0,0,0,0,0,49.56,28.67,34.76,38.53,110.14,381225625,50993881,7443430328125,364147304221,2
1,2013-07-09T07:00:00Z,21589,7858,47.08,2013,0,0,1,7,0,0,0,0,0,0,1,0,0,0,0,0,mardi,0,0,0,1,0,0,0,0,0,0,7,0,0,0,0,0,0,0,1,0,0,0,0,0,0,0,0,0,0,0,0,0,0,0,0,53.4,35.47,37,38.53,110.14,466084921,61748164,10062307359469,485217072712,2
1,2013-07-09T08:00:00Z,23505,8530,50.81,2013,0,0,1,7,0,0,0,0,0,0,1,0,0,0,0,0,mardi,0,0,0,1,0,0,0,0,0,0,8,0,0,0,0,0,0,0,0,1,0,0,0,0,0,0,0,0,0,0,0,0,0,0,0,57.49,40.19,41.89,38.53,110.14,552485025,72760900,12986160512625,620650477000,2
1,2013-07-09T09:00:00Z,24991,9031,56.7,2013,0,0,1,7,0,0,0,0,0,0,1,0,0,0,0,0,mardi,0,0,0,1,0,0,0,0,0,0,9,0,0,0,0,0,0,0,0,0,1,0,0,0,0,0,0,0,0,0,0,0,0,0,0,59.88,46.51,45.79,38.53,110.14,624550081,81558961,15608131074271,736558976791,2
1,2013-07-09T10:00:00Z,26205,9344,61.64,2013,0,0,1,7,0,0,0,0,0,0,1,0,0,0,0,0,mardi,0,0,0,1,0,0,0,0,0,0,10,0,0,0,0,0,0,0,0,0,0,1,0,0,0,0,0,0,0,0,0,0,0,0,0,63.54,53.92,50.5,38.53,110.14,686702025,87310336,17995026565125,815827779584,2
1,2013-07-09T11:00:00Z,27219,9583,67.63,2013,0,0,1,7,0,0,0,0,0,0,1,0,0,0,0,0,mardi,0,0,0,1,0,0,0,0,0,0,11,0,0,0,0,0,0,0,0,0,0,0,1,0,0,0,0,0,0,0,0,0,0,0,0,70,57.97,51.64,38.53,110.14,740873961,91833889,20165848344459,880044158287,2
1,2013-07-09T12:00:00Z,27924,9743,74.11,2013,0,0,1,7,0,0,0,0,0,0,1,0,0,0,0,0,mardi,0,0,0,1,0,0,0,0,0,0,12,0,0,0,0,0,0,0,0,0,0,0,0,1,0,0,0,0,0,0,0,0,0,0,0,88.19,59.47,55.76,38.53,110.14,779749776,94926049,21773732745024,924864495407,2
1,2013-07-09T13:00:00Z,28568,9878,80.36,2013,0,0,1,7,0,0,0,0,0,0,1,0,0,0,0,0,mardi,0,0,0,1,0,0,0,0,0,0,13,0,0,0,0,0,0,0,0,0,0,0,0,0,1,0,0,0,0,0,0,0,0,0,0,93.26,66.08,59.09,38.53,110.14,816130624,97574884,23315219666432,963844704152,2
1,2013-07-09T14:00:00Z,28952,9938,85.93,2013,0,0,1,7,0,0,0,0,0,0,1,0,0,0,0,0,mardi,0,0,0,1,0,0,0,0,0,0,14,0,0,0,0,0,0,0,0,0,0,0,0,0,0,1,0,0,0,0,0,0,0,0,0,95.9,70,60.8,38.53,110.14,838218304,98763844,24268096337408,981515081672,2
1,2013-07-09T15:00:00Z,29149,9979,108.56,2013,0,0,1,7,0,0,0,0,0,0,1,0,0,0,0,0,mardi,0,0,0,1,0,0,0,0,0,0,15,0,0,0,0,0,0,0,0,0,0,0,0,0,0,0,1,0,0,0,0,0,0,0,0,105.85,71.83,62.93,38.53,110.14,849664201,99580441,24766861794949,993713220739,2
1,2013-07-09T16:00:00Z,29269,10027,109,2013,0,0,1,7,0,0,0,0,0,0,1,0,0,0,0,0,mardi,0,0,0,1,0,0,0,0,0,0,16,0,0,0,0,0,0,0,0,0,0,0,0,0,0,0,0,1,0,0,0,0,0,0,0,110.14,73.17,63.23,38.53,110.14,856674361,100540729,25074001872109,1008121889683,2
1,2013-07-09T17:00:00Z,29104,9965,81.4,2013,0,0,1,7,0,0,0,0,0,0,1,0,0,0,0,0,mardi,0,0,0,1,0,0,0,0,0,0,17,0,0,0,0,0,0,0,0,0,0,0,0,0,0,0,0,0,1,0,0,0,0,0,0,93.24,68.42,60.3,38.53,109,847042816,99301225,24652334116864,989536707125,2
1,2013-07-09T18:00:00Z,28335,9575,72.1,2013,0,0,1,7,0,0,0,0,0,0,1,0,0,0,0,0,mardi,0,0,0,1,0,0,0,0,0,0,18,0,0,0,0,0,0,0,0,0,0,0,0,0,0,0,0,0,0,1,0,0,0,0,0,70.31,61.82,56.22,38.53,109,802872225,91680625,22749384495375,877841984375,2
1,2013-07-09T19:00:00Z,27279,9179,62.14,2013,0,0,1,7,0,0,0,0,0,0,1,0,0,0,0,0,mardi,0,0,0,1,0,0,0,0,0,0,19,0,0,0,0,0,0,0,0,0,0,0,0,0,0,0,0,0,0,0,1,0,0,0,0,62.32,58.53,50.38,38.53,109,744143841,84254041,20299499838639,773367842339,2
1,2013-07-09T20:00:00Z,26490,8921,60.91,2013,0,0,1,7,0,0,0,0,0,0,1,0,0,0,0,0,mardi,0,0,0,1,0,0,0,0,0,0,20,0,0,0,0,0,0,0,0,0,0,0,0,0,0,0,0,0,0,0,0,1,0,0,0,60.18,58.53,48.54,38.53,109,701720100,79584241,18588565449000,709971013961,2
1,2013-07-09T21:00:00Z,26121,8805,59.4,2013,0,0,1,7,0,0,0,0,0,0,1,0,0,0,0,0,mardi,0,0,0,1,0,0,0,0,0,0,21,0,0,0,0,0,0,0,0,0,0,0,0,0,0,0,0,0,0,0,0,0,1,0,0,59.16,57.11,48.4,38.53,109,682306641,77528025,17822531769561,682634260125,2
1,2013-07-09T22:00:00Z,24708,8494,55.99,2013,0,0,1,7,0,0,0,0,0,0,1,0,0,0,0,0,mardi,0,0,0,1,0,0,0,0,0,0,22,0,0,0,0,0,0,0,0,0,0,0,0,0,0,0,0,0,0,0,0,0,0,1,0,56.85,53.39,45.84,38.53,109,610485264,72148036,15083869902912,612825417784,2
1,2013-07-09T23:00:00Z,22716,7940,52.9,2013,0,0,1,7,0,0,0,0,0,0,1,0,0,0,0,0,mardi,0,0,0,1,0,0,0,0,0,0,23,0,0,0,0,0,0,0,0,0,0,0,0,0,0,0,0,0,0,0,0,0,0,0,1,53.68,50.63,42.12,38.53,109,516016656,63043600,11721834357696,500566184000,2
1,2013-07-13T00:00:00Z,18704,6835,38.94,2013,0,0,1,7,0,0,0,0,0,0,1,0,0,0,0,0,samedi,1,0,0,0,0,0,0,1,0,1,0,1,0,0,0,0,0,0,0,0,0,0,0,0,0,0,0,0,0,0,0,0,0,0,0,41.13,45.92,47.09,27.63,62.02,349839616,46717225,6543400177664,319312232875,6
1,2013-07-13T01:00:00Z,17615,6454,32.69,2013,0,0,1,7,0,0,0,0,0,0,1,0,0,0,0,0,samedi,1,0,0,0,0,0,0,1,0,1,1,0,1,0,0,0,0,0,0,0,0,0,0,0,0,0,0,0,0,0,0,0,0,0,0,33.84,40.28,40.72,27.63,62.02,310288225,41654116,5465727083375,268835664664,6
1,2013-07-13T02:00:00Z,16728,6125,28.62,2013,0,0,1,7,0,0,0,0,0,0,1,0,0,0,0,0,samedi,1,0,0,0,0,0,0,1,0,1,2,0,0,1,0,0,0,0,0,0,0,0,0,0,0,0,0,0,0,0,0,0,0,0,0,31.62,35.4,35.44,27.63,62.02,279825984,37515625,4680929060352,229783203125,6
1,2013-07-13T03:00:00Z,16173,5913,29,2013,0,0,1,7,0,0,0,0,0,0,1,0,0,0,0,0,samedi,1,0,0,0,0,0,0,1,0,1,3,0,0,0,1,0,0,0,0,0,0,0,0,0,0,0,0,0,0,0,0,0,0,0,0,29.52,33.78,33.85,27.63,62.02,261565929,34963569,4230305769717,206739583497,6
1,2013-07-13T04:00:00Z,15855,5779,22.6,2013,0,0,1,7,0,0,0,0,0,0,1,0,0,0,0,0,samedi,1,0,0,0,0,0,0,1,0,1,4,0,0,0,0,1,0,0,0,0,0,0,0,0,0,0,0,0,0,0,0,0,0,0,0,32.55,33.96,32.62,22.6,62.02,251381025,33396841,3985646151375,193000344139,6
1,2013-07-13T05:00:00Z,15744,5700,22.14,2013,0,0,1,7,0,0,0,0,0,0,1,0,0,0,0,0,samedi,1,0,0,0,0,0,0,1,0,1,5,0,0,0,0,0,1,0,0,0,0,0,0,0,0,0,0,0,0,0,0,0,0,0,0,27.63,36.03,30.52,22.14,62.02,247873536,32490000,3902520950784,185193000000,6
1,2013-07-13T06:00:00Z,16051,5855,22.9,2013,0,0,1,7,0,0,0,0,0,0,1,0,0,0,0,0,samedi,1,0,0,0,0,0,0,1,0,1,6,0,0,0,0,0,0,1,0,0,0,0,0,0,0,0,0,0,0,0,0,0,0,0,0,37.72,41.52,31.21,22.14,62.02,257634601,34281025,4135292980651,200715401375,6
1,2013-07-13T07:00:00Z,17037,6181,32.11,2013,0,0,1,7,0,0,0,0,0,0,1,0,0,0,0,0,samedi,1,0,0,0,0,0,0,1,0,1,7,0,0,0,0,0,0,0,1,0,0,0,0,0,0,0,0,0,0,0,0,0,0,0,0,37.72,48.39,34.83,22.14,62.02,290259369,38204761,4945148869653,236143627741,6
1,2013-07-13T08:00:00Z,18461,6587,34.79,2013,0,0,1,7,0,0,0,0,0,0,1,0,0,0,0,0,samedi,1,0,0,0,0,0,0,1,0,1,8,0,0,0,0,0,0,0,0,1,0,0,0,0,0,0,0,0,0,0,0,0,0,0,0,44.19,53.07,39.25,22.14,62.02,340808521,43388569,6291666106181,285800504003,6
1,2013-07-13T09:00:00Z,19997,6999,36.14,2013,0,0,1,7,0,0,0,0,0,0,1,0,0,0,0,0,samedi,1,0,0,0,0,0,0,1,0,1,9,0,0,0,0,0,0,0,0,0,1,0,0,0,0,0,0,0,0,0,0,0,0,0,0,50.35,57.32,45.74,22.14,62.02,399880009,48986001,7996400539973,342853020999,6
1,2013-07-13T10:00:00Z,21354,7370,42.3,2013,0,0,1,7,0,0,0,0,0,0,1,0,0,0,0,0,samedi,1,0,0,0,0,0,0,1,0,1,10,0,0,0,0,0,0,0,0,0,0,1,0,0,0,0,0,0,0,0,0,0,0,0,0,54.18,62.22,53.34,22.14,62.02,455993316,54316900,9737281269864,400315553000,6
1,2013-07-13T11:00:00Z,22353,7654,49.17,2013,0,0,1,7,0,0,0,0,0,0,1,0,0,0,0,0,samedi,1,0,0,0,0,0,0,1,0,1,11,0,0,0,0,0,0,0,0,0,0,0,1,0,0,0,0,0,0,0,0,0,0,0,0,55.68,64.44,58.11,22.14,62.02,499656609,58583716,11168824180977,448399762264,6
1,2013-07-13T12:00:00Z,23003,7841,50.06,2013,0,0,1,7,0,0,0,0,0,0,1,0,0,0,0,0,samedi,1,0,0,0,0,0,0,1,0,1,12,0,0,0,0,0,0,0,0,0,0,0,0,1,0,0,0,0,0,0,0,0,0,0,0,59.29,67.45,59.92,22.14,62.02,529138009,61481281,12171761621027,482074724321,6
1,2013-07-13T13:00:00Z,23475,7935,51.08,2013,0,0,1,7,0,0,0,0,0,0,1,0,0,0,0,0,samedi,1,0,0,0,0,0,0,1,0,1,13,0,0,0,0,0,0,0,0,0,0,0,0,0,1,0,0,0,0,0,0,0,0,0,0,59.38,70.01,63.35,22.14,62.02,551075625,62964225,12936500296875,499621125375,6
1,2013-07-13T14:00:00Z,23741,7983,51.19,2013,0,0,1,7,0,0,0,0,0,0,1,0,0,0,0,0,samedi,1,0,0,0,0,0,0,1,0,1,14,0,0,0,0,0,0,0,0,0,0,0,0,0,0,1,0,0,0,0,0,0,0,0,0,61.01,75.13,66.7,22.14,62.02,563635081,63728289,13381260458021,508742931087,6
1,2013-07-13T15:00:00Z,23922,8032,52.01,2013,0,0,1,7,0,0,0,0,0,0,1,0,0,0,0,0,samedi,1,0,0,0,0,0,0,1,0,1,15,0,0,0,0,0,0,0,0,0,0,0,0,0,0,0,1,0,0,0,0,0,0,0,0,62.02,84.3,72.54,22.14,62.02,572262084,64513024,13689653573448,518168608768,6
1,2013-07-13T16:00:00Z,24114,8045,53.43,2013,0,0,1,7,0,0,0,0,0,0,1,0,0,0,0,0,samedi,1,0,0,0,0,0,0,1,0,1,16,0,0,0,0,0,0,0,0,0,0,0,0,0,0,0,0,1,0,0,0,0,0,0,0,62.02,84.92,75.15,22.14,62.02,581484996,64722025,14021929193544,520688691125,6
1,2013-07-13T17:00:00Z,24121,8004,52.96,2013,0,0,1,7,0,0,0,0,0,0,1,0,0,0,0,0,samedi,1,0,0,0,0,0,0,1,0,1,17,0,0,0,0,0,0,0,0,0,0,0,0,0,0,0,0,0,1,0,0,0,0,0,0,59.82,71.41,64.64,22.14,59.82,581822641,64064016,14034143923561,512768384064,6
1,2013-07-13T18:00:00Z,23704,7857,50.13,2013,0,0,1,7,0,0,0,0,0,0,1,0,0,0,0,0,samedi,1,0,0,0,0,0,0,1,0,1,18,0,0,0,0,0,0,0,0,0,0,0,0,0,0,0,0,0,0,1,0,0,0,0,0,56.5,68.5,59.18,22.14,56.5,561879616,61732449,13318794417664,485031851793,6
1,2013-07-13T19:00:00Z,23067,7727,47.86,2013,0,0,1,7,0,0,0,0,0,0,1,0,0,0,0,0,samedi,1,0,0,0,0,0,0,1,0,1,19,0,0,0,0,0,0,0,0,0,0,0,0,0,0,0,0,0,0,0,1,0,0,0,0,53.19,61.75,56.84,22.14,53.43,532086489,59706529,12273639041763,461352349583,6
1,2013-07-13T20:00:00Z,22536,7563,47.73,2013,0,0,1,7,0,0,0,0,0,0,1,0,0,0,0,0,samedi,1,0,0,0,0,0,0,1,0,1,20,0,0,0,0,0,0,0,0,0,0,0,0,0,0,0,0,0,0,0,0,1,0,0,0,51.19,59.12,55.09,22.14,53.43,507871296,57198969,11445387526656,432595802547,6
1,2013-07-13T21:00:00Z,22594,7603,47.19,2013,0,0,1,7,0,0,0,0,0,0,1,0,0,0,0,0,samedi,1,0,0,0,0,0,0,1,0,1,21,0,0,0,0,0,0,0,0,0,0,0,0,0,0,0,0,0,0,0,0,0,1,0,0,49.94,58.14,53.34,22.14,53.43,510488836,57805609,11533984760584,439496045227,6
1,2013-07-13T22:00:00Z,21634,7424,43.87,2013,0,0,1,7,0,0,0,0,0,0,1,0,0,0,0,0,samedi,1,0,0,0,0,0,0,1,0,1,22,0,0,0,0,0,0,0,0,0,0,0,0,0,0,0,0,0,0,0,0,0,0,1,0,47.57,54.21,49.87,22.14,53.43,468029956,55115776,10125360068104,409179521024,6
1,2013-07-13T23:00:00Z,20282,7113,42.96,2013,0,0,1,7,0,0,0,0,0,0,1,0,0,0,0,0,samedi,1,0,0,0,0,0,0,1,0,1,23,0,0,0,0,0,0,0,0,0,0,0,0,0,0,0,0,0,0,0,0,0,0,0,1,41.46,50.65,45.23,22.14,53.43,411359524,50594769,8343193865768,359880591897,6
1,2013-07-16T00:00:00Z,22808,8369,52.6,2013,0,0,1,7,0,0,0,0,0,0,1,0,0,0,0,0,mardi,0,0,0,1,0,0,0,0,0,0,0,1,0,0,0,0,0,0,0,0,0,0,0,0,0,0,0,0,0,0,0,0,0,0,0,46.06,39.17,49.72,34.51,125,520204864,70040161,11864832538112,586166107409,2
1,2013-07-16T01:00:00Z,21290,7792,55.79,2013,0,0,1,7,0,0,0,0,0,0,1,0,0,0,0,0,mardi,0,0,0,1,0,0,0,0,0,0,1,0,1,0,0,0,0,0,0,0,0,0,0,0,0,0,0,0,0,0,0,0,0,0,0,39.28,36,42.62,34.51,125,453264100,60715264,9649992689000,473093337088,2
1,2013-07-16T02:00:00Z,20234,7447,42.94,2013,0,0,1,7,0,0,0,0,0,0,1,0,0,0,0,0,mardi,0,0,0,1,0,0,0,0,0,0,2,0,0,1,0,0,0,0,0,0,0,0,0,0,0,0,0,0,0,0,0,0,0,0,0,37.39,30.55,39.32,34.51,125,409414756,55457809,8284098172904,412994303623,2
1,2013-07-16T03:00:00Z,19617,7250,41.96,2013,0,0,1,7,0,0,0,0,0,0,1,0,0,0,0,0,mardi,0,0,0,1,0,0,0,0,0,0,3,0,0,0,1,0,0,0,0,0,0,0,0,0,0,0,0,0,0,0,0,0,0,0,0,34.51,33.3,38.53,34.51,125,384826689,52562500,7549145158113,381078125000,2
1,2013-07-16T04:00:00Z,19346,7162,40.74,2013,0,0,1,7,0,0,0,0,0,0,1,0,0,0,0,0,mardi,0,0,0,1,0,0,0,0,0,0,4,0,0,0,0,1,0,0,0,0,0,0,0,0,0,0,0,0,0,0,0,0,0,0,0,34.76,23.58,39.02,34.76,125,374267716,51294244,7240583233736,367369375528,2
1,2013-07-16T05:00:00Z,19775,7277,41.54,2013,0,0,1,7,0,0,0,0,0,0,1,0,0,0,0,0,mardi,0,0,0,1,0,0,0,0,0,0,5,0,0,0,0,0,1,0,0,0,0,0,0,0,0,0,0,0,0,0,0,0,0,0,0,36.6,23.07,38.54,36.6,125,391050625,52954729,7733026109375,385351562933,2
1,2013-07-16T06:00:00Z,20776,7671,43.1,2013,0,0,1,7,0,0,0,0,0,0,1,0,0,0,0,0,mardi,0,0,0,1,0,0,0,0,0,0,6,0,0,0,0,0,0,1,0,0,0,0,0,0,0,0,0,0,0,0,0,0,0,0,0,38.43,23.97,39.11,38.43,125,431642176,58844241,8967797848576,451394172711,2
1,2013-07-16T07:00:00Z,22770,8339,50.63,2013,0,0,1,7,0,0,0,0,0,0,1,0,0,0,0,0,mardi,0,0,0,1,0,0,0,0,0,0,7,0,0,0,0,0,0,0,1,0,0,0,0,0,0,0,0,0,0,0,0,0,0,0,0,48.06,34.42,47.08,40.74,125,518472900,69538921,11805627933000,579885062219,2
1,2013-07-16T08:00:00Z,24650,8942,58.59,2013,0,0,1,7,0,0,0,0,0,0,1,0,0,0,0,0,mardi,0,0,0,1,0,0,0,0,0,0,8,0,0,0,0,0,0,0,0,1,0,0,0,0,0,0,0,0,0,0,0,0,0,0,0,55.29,36.37,50.81,40.74,125,607622500,79959364,14977894625000,714996632888,2
1,2013-07-16T09:00:00Z,26337,9455,65.72,2013,0,0,1,7,0,0,0,0,0,0,1,0,0,0,0,0,mardi,0,0,0,1,0,0,0,0,0,0,9,0,0,0,0,0,0,0,0,0,1,0,0,0,0,0,0,0,0,0,0,0,0,0,0,58.56,39.61,56.7,40.74,125,693637569,89397025,18268332654753,845248871375,2
1,2013-07-16T10:00:00Z,27908,9862,77.44,2013,0,0,1,7,0,0,0,0,0,0,1,0,0,0,0,0,mardi,0,0,0,1,0,0,0,0,0,0,10,0,0,0,0,0,0,0,0,0,0,1,0,0,0,0,0,0,0,0,0,0,0,0,0,64.63,46.17,61.64,40.74,125,778856464,97259044,21736326197312,959168691928,2
1,2013-07-16T11:00:00Z,29218,10167,93.76,2013,0,0,1,7,0,0,0,0,0,0,1,0,0,0,0,0,mardi,0,0,0,1,0,0,0,0,0,0,11,0,0,0,0,0,0,0,0,0,0,0,1,0,0,0,0,0,0,0,0,0,0,0,0,81.64,52.05,67.63,40.74,125,853691524,103367889,24943158948232,1050941327463,2
1,2013-07-16T12:00:00Z,30175,10384,109.34,2013,0,0,1,7,0,0,0,0,0,0,1,0,0,0,0,0,mardi,0,0,0,1,0,0,0,0,0,0,12,0,0,0,0,0,0,0,0,0,0,0,0,1,0,0,0,0,0,0,0,0,0,0,0,95.11,56.95,74.11,40.74,125,910530625,107827456,27475261609375,1119680303104,2
1,2013-07-16T13:00:00Z,30959,10545,125.56,2013,0,0,1,7,0,0,0,0,0,0,1,0,0,0,0,0,mardi,0,0,0,1,0,0,0,0,0,0,13,0,0,0,0,0,0,0,0,0,0,0,0,0,1,0,0,0,0,0,0,0,0,0,0,101.75,58.92,80.36,40.74,125.56,958459681,111197025,29672953264079,1172572628625,2
1,2013-07-16T14:00:00Z,31559,10695,138,2013,0,0,1,7,0,0,0,0,0,0,1,0,0,0,0,0,mardi,0,0,0,1,0,0,0,0,0,0,14,0,0,0,0,0,0,0,0,0,0,0,0,0,0,1,0,0,0,0,0,0,0,0,0,109,59.9,85.93,40.74,138,995970481,114383025,31431832409879,1223326452375,2
1,2013-07-16T15:00:00Z,31995,10851,164.02,2013,0,0,1,7,0,0,0,0,0,0,1,0,0,0,0,0,mardi,0,0,0,1,0,0,0,0,0,0,15,0,0,0,0,0,0,0,0,0,0,0,0,0,0,0,1,0,0,0,0,0,0,0,0,117.5,60.4,108.56,40.74,164.02,1023680025,117744201,32752642399875,1277642325051,2
1,2013-07-16T16:00:00Z,32331,10950,175.02,2013,0,0,1,7,0,0,0,0,0,0,1,0,0,0,0,0,mardi,0,0,0,1,0,0,0,0,0,0,16,0,0,0,0,0,0,0,0,0,0,0,0,0,0,0,0,1,0,0,0,0,0,0,0,125,67.81,109,40.74,175.02,1045293561,119902500,33795386120691,1312932375000,2
1,2013-07-16T17:00:00Z,32234,10920,155,2013,0,0,1,7,0,0,0,0,0,0,1,0,0,0,0,0,mardi,0,0,0,1,0,0,0,0,0,0,17,0,0,0,0,0,0,0,0,0,0,0,0,0,0,0,0,0,1,0,0,0,0,0,0,114.85,63.15,81.4,40.74,175.02,1039030756,119246400,33492117388904,1302170688000,2
1,2013-07-16T18:00:00Z,31501,10618,130.17,2013,0,0,1,7,0,0,0,0,0,0,1,0,0,0,0,0,mardi,0,0,0,1,0,0,0,0,0,0,18,0,0,0,0,0,0,0,0,0,0,0,0,0,0,0,0,0,0,1,0,0,0,0,0,94.04,59,72.1,40.74,175.02,992313001,112741924,31258851844501,1197093749032,2
1,2013-07-16T19:00:00Z,30462,10299,100.53,2013,0,0,1,7,0,0,0,0,0,0,1,0,0,0,0,0,mardi,0,0,0,1,0,0,0,0,0,0,19,0,0,0,0,0,0,0,0,0,0,0,0,0,0,0,0,0,0,0,1,0,0,0,0,76.52,55.88,62.14,40.74,175.02,927933444,106069401,28266708571128,1092408760899,2
1,2013-07-16T20:00:00Z,29724,10082,86.06,2013,0,0,1,7,0,0,0,0,0,0,1,0,0,0,0,0,mardi,0,0,0,1,0,0,0,0,0,0,20,0,0,0,0,0,0,0,0,0,0,0,0,0,0,0,0,0,0,0,0,1,0,0,0,69.31,56.44,60.91,40.74,175.02,883516176,101646724,26261634815424,1024802271368,2
1,2013-07-16T21:00:00Z,29143,9961,81.91,2013,0,0,1,7,0,0,0,0,0,0,1,0,0,0,0,0,mardi,0,0,0,1,0,0,0,0,0,0,21,0,0,0,0,0,0,0,0,0,0,0,0,0,0,0,0,0,0,0,0,0,1,0,0,66.93,55.64,59.4,40.74,175.02,849314449,99221521,24751570987207,988345570681,2
1,2013-07-16T22:00:00Z,27323,9550,67.74,2013,0,0,1,7,0,0,0,0,0,0,1,0,0,0,0,0,mardi,0,0,0,1,0,0,0,0,0,0,22,0,0,0,0,0,0,0,0,0,0,0,0,0,0,0,0,0,0,0,0,0,0,1,0,61.42,50.09,55.99,40.74,175.02,746546329,91202500,20397885347267,870983875000,2
1,2013-07-16T23:00:00Z,25085,8947,58.61,2013,0,0,1,7,0,0,0,0,0,0,1,0,0,0,0,0,mardi,0,0,0,1,0,0,0,0,0,0,23,0,0,0,0,0,0,0,0,0,0,0,0,0,0,0,0,0,0,0,0,0,0,0,1,53.82,47.71,52.9,40.74,175.02,629257225,80048809,15784917489125,716196694123,2
1,2013-07-18T00:00:00Z,23376,8471,63.45,2013,0,0,1,7,0,0,0,0,0,0,1,0,0,0,0,0,jeudi,0,0,0,0,0,1,0,0,0,0,0,1,0,0,0,0,0,0,0,0,0,0,0,0,0,0,0,0,0,0,0,0,0,0,0,67.3,52.6,45.92,52.18,220,546437376,71757841,12773520101376,607860671111,4
1,2013-07-18T01:00:00Z,21824,7915,59.55,2013,0,0,1,7,0,0,0,0,0,0,1,0,0,0,0,0,jeudi,0,0,0,0,0,1,0,0,0,0,1,0,1,0,0,0,0,0,0,0,0,0,0,0,0,0,0,0,0,0,0,0,0,0,0,64.59,55.79,40.28,52.18,220,476286976,62647225,10394486964224,495852785875,4
1,2013-07-18T02:00:00Z,21195,7765,57.26,2013,0,0,1,7,0,0,0,0,0,0,1,0,0,0,0,0,jeudi,0,0,0,0,0,1,0,0,0,0,2,0,0,1,0,0,0,0,0,0,0,0,0,0,0,0,0,0,0,0,0,0,0,0,0,61.95,42.94,35.4,52.18,220,449228025,60295225,9521387989875,468192422125,4
1,2013-07-18T03:00:00Z,20851,7692,50.85,2013,0,0,1,7,0,0,0,0,0,0,1,0,0,0,0,0,jeudi,0,0,0,0,0,1,0,0,0,0,3,0,0,0,1,0,0,0,0,0,0,0,0,0,0,0,0,0,0,0,0,0,0,0,0,52.37,41.96,33.78,50.85,220,434764201,59166864,9065268355051,455111517888,4
1,2013-07-18T04:00:00Z,20681,7654,48.73,2013,0,0,1,7,0,0,0,0,0,0,1,0,0,0,0,0,jeudi,0,0,0,0,0,1,0,0,0,0,4,0,0,0,0,1,0,0,0,0,0,0,0,0,0,0,0,0,0,0,0,0,0,0,0,52.18,40.74,33.96,48.73,220,427703761,58583716,8845341481241,448399762264,4
1,2013-07-18T05:00:00Z,20926,7683,51.53,2013,0,0,1,7,0,0,0,0,0,0,1,0,0,0,0,0,jeudi,0,0,0,0,0,1,0,0,0,0,5,0,0,0,0,0,1,0,0,0,0,0,0,0,0,0,0,0,0,0,0,0,0,0,0,55.06,41.54,36.03,48.73,220,437897476,59028489,9163442582776,453515880987,4
1,2013-07-18T06:00:00Z,22141,8163,54.57,2013,0,0,1,7,0,0,0,0,0,0,1,0,0,0,0,0,jeudi,0,0,0,0,0,1,0,0,0,0,6,0,0,0,0,0,0,1,0,0,0,0,0,0,0,0,0,0,0,0,0,0,0,0,0,58.01,43.1,41.52,48.73,220,490223881,66634569,10854046949221,543937986747,4
1,2013-07-18T07:00:00Z,24153,8827,68.72,2013,0,0,1,7,0,0,0,0,0,0,1,0,0,0,0,0,jeudi,0,0,0,0,0,1,0,0,0,0,7,0,0,0,0,0,0,0,1,0,0,0,0,0,0,0,0,0,0,0,0,0,0,0,0,68.7,50.63,48.39,48.73,220,583367409,77915929,14090073029577,687763905283,4
1,2013-07-18T08:00:00Z,26081,9446,76.62,2013,0,0,1,7,0,0,0,0,0,0,1,0,0,0,0,0,jeudi,0,0,0,0,0,1,0,0,0,0,8,0,0,0,0,0,0,0,0,1,0,0,0,0,0,0,0,0,0,0,0,0,0,0,0,72.64,58.59,53.07,48.73,220,680218561,89226916,17740780289441,842837448536,4
1,2013-07-18T09:00:00Z,27806,9970,92.69,2013,0,0,1,7,0,0,0,0,0,0,1,0,0,0,0,0,jeudi,0,0,0,0,0,1,0,0,0,0,9,0,0,0,0,0,0,0,0,0,1,0,0,0,0,0,0,0,0,0,0,0,0,0,0,86.34,65.72,57.32,48.73,220,773173636,99400900,21498866122616,991026973000,4
1,2013-07-18T10:00:00Z,29414,10383,135.3,2013,0,0,1,7,0,0,0,0,0,0,1,0,0,0,0,0,jeudi,0,0,0,0,0,1,0,0,0,0,10,0,0,0,0,0,0,0,0,0,0,1,0,0,0,0,0,0,0,0,0,0,0,0,0,112,77.44,62.22,48.73,220,865183396,107806689,25448504409944,1119356851887,4
1,2013-07-18T11:00:00Z,30704,10678,155.99,2013,0,0,1,7,0,0,0,0,0,0,1,0,0,0,0,0,jeudi,0,0,0,0,0,1,0,0,0,0,11,0,0,0,0,0,0,0,0,0,0,0,1,0,0,0,0,0,0,0,0,0,0,0,0,143.64,93.76,64.44,48.73,220,942735616,114019684,28945754353664,1217502185752,4
1,2013-07-18T12:00:00Z,31642,10890,172.77,2013,0,0,1,7,0,0,0,0,0,0,1,0,0,0,0,0,jeudi,0,0,0,0,0,1,0,0,0,0,12,0,0,0,0,0,0,0,0,0,0,0,0,1,0,0,0,0,0,0,0,0,0,0,0,151.76,109.34,67.45,48.73,220,1001216164,118592100,31680481861288,1291467969000,4
1,2013-07-18T13:00:00Z,32339,11027,226.22,2013,0,0,1,7,0,0,0,0,0,0,1,0,0,0,0,0,jeudi,0,0,0,0,0,1,0,0,0,0,13,0,0,0,0,0,0,0,0,0,0,0,0,0,1,0,0,0,0,0,0,0,0,0,0,165.88,125.56,70.01,48.73,226.22,1045810921,121594729,33820479374219,1340825076683,4
1,2013-07-18T14:00:00Z,32809,11151,262.19,2013,0,0,1,7,0,0,0,0,0,0,1,0,0,0,0,0,jeudi,0,0,0,0,0,1,0,0,0,0,14,0,0,0,0,0,0,0,0,0,0,0,0,0,0,1,0,0,0,0,0,0,0,0,0,181.4,138,75.13,48.73,262.19,1076430481,124344801,35316607651129,1386568875951,4
1,2013-07-18T15:00:00Z,33153,11276,292.06,2013,0,0,1,7,0,0,0,0,0,0,1,0,0,0,0,0,jeudi,0,0,0,0,0,1,0,0,0,0,15,0,0,0,0,0,0,0,0,0,0,0,0,0,0,0,1,0,0,0,0,0,0,0,0,205,164.02,84.3,48.73,292.06,1099121409,127148176,36439172072577,1433722832576,4
1,2013-07-18T16:00:00Z,33351,11355,293.49,2013,0,0,1,7,0,0,0,0,0,0,1,0,0,0,0,0,jeudi,0,0,0,0,0,1,0,0,0,0,16,0,0,0,0,0,0,0,0,0,0,0,0,0,0,0,0,1,0,0,0,0,0,0,0,220,175.02,84.92,48.73,293.49,1112289201,128936025,37095957142551,1464068563875,4
1,2013-07-18T17:00:00Z,33134,11296,264.13,2013,0,0,1,7,0,0,0,0,0,0,1,0,0,0,0,0,jeudi,0,0,0,0,0,1,0,0,0,0,17,0,0,0,0,0,0,0,0,0,0,0,0,0,0,0,0,0,1,0,0,0,0,0,0,200,155,71.41,48.73,293.49,1097861956,127599616,36376558050104,1441365262336,4
1,2013-07-18T18:00:00Z,32410,11018,202.6,2013,0,0,1,7,0,0,0,0,0,0,1,0,0,0,0,0,jeudi,0,0,0,0,0,1,0,0,0,0,18,0,0,0,0,0,0,0,0,0,0,0,0,0,0,0,0,0,0,1,0,0,0,0,0,160.03,130.17,68.5,48.73,293.49,1050408100,121396324,34043726521000,1337544697832,4
1,2013-07-18T19:00:00Z,31390,10701,154.59,2013,0,0,1,7,0,0,0,0,0,0,1,0,0,0,0,0,jeudi,0,0,0,0,0,1,0,0,0,0,19,0,0,0,0,0,0,0,0,0,0,0,0,0,0,0,0,0,0,0,1,0,0,0,0,140,100.53,61.75,48.73,293.49,985332100,114511401,30929574619000,1225386502101,4
1,2013-07-18T20:00:00Z,30596,10466,132.14,2013,0,0,1,7,0,0,0,0,0,0,1,0,0,0,0,0,jeudi,0,0,0,0,0,1,0,0,0,0,20,0,0,0,0,0,0,0,0,0,0,0,0,0,0,0,0,0,0,0,0,1,0,0,0,113.97,86.06,59.12,48.73,293.49,936115216,109537156,28641381148736,1146415874696,4
1,2013-07-18T21:00:00Z,29942,10305,123.12,2013,0,0,1,7,0,0,0,0,0,0,1,0,0,0,0,0,jeudi,0,0,0,0,0,1,0,0,0,0,21,0,0,0,0,0,0,0,0,0,0,0,0,0,0,0,0,0,0,0,0,0,1,0,0,111.08,81.91,58.14,48.73,293.49,896523364,106193025,26843702564888,1094319122625,4
1,2013-07-18T22:00:00Z,28211,9927,88.12,2013,0,0,1,7,0,0,0,0,0,0,1,0,0,0,0,0,jeudi,0,0,0,0,0,1,0,0,0,0,22,0,0,0,0,0,0,0,0,0,0,0,0,0,0,0,0,0,0,0,0,0,0,1,0,87.49,67.74,54.21,48.73,293.49,795860521,98545329,22452021157931,978259480983,4
1,2013-07-18T23:00:00Z,26010,9358,71.33,2013,0,0,1,7,0,0,0,0,0,0,1,0,0,0,0,0,jeudi,0,0,0,0,0,1,0,0,0,0,23,0,0,0,0,0,0,0,0,0,0,0,0,0,0,0,0,0,0,0,0,0,0,0,1,81.04,58.61,50.65,48.73,293.49,676520100,87572164,17596287801000,819500310712,4
1,2013-07-19T00:00:00Z,24261,9042,64.38,2013,0,0,1,7,0,0,0,0,0,0,1,0,0,0,0,0,vendredi,0,0,0,0,0,0,1,0,0,0,0,1,0,0,0,0,0,0,0,0,0,0,0,0,0,0,0,0,0,0,0,0,0,0,0,63.45,67.3,41.13,48.73,293.49,588596121,81757764,14279930491581,739253702088,5
1,2013-07-19T01:00:00Z,22653,8464,63.02,2013,0,0,1,7,0,0,0,0,0,0,1,0,0,0,0,0,vendredi,0,0,0,0,0,0,1,0,0,0,1,0,1,0,0,0,0,0,0,0,0,0,0,0,0,0,0,0,0,0,0,0,0,0,0,59.55,64.59,33.84,48.73,293.49,513158409,71639296,11624577439077,606355001344,5
1,2013-07-19T02:00:00Z,21762,8107,61.28,2013,0,0,1,7,0,0,0,0,0,0,1,0,0,0,0,0,vendredi,0,0,0,0,0,0,1,0,0,0,2,0,0,1,0,0,0,0,0,0,0,0,0,0,0,0,0,0,0,0,0,0,0,0,0,57.26,61.95,31.62,48.73,293.49,473584644,65723449,10306149022728,532820001043,5
1,2013-07-19T03:00:00Z,21241,7905,55.38,2013,0,0,1,7,0,0,0,0,0,0,1,0,0,0,0,0,vendredi,0,0,0,0,0,0,1,0,0,0,3,0,0,0,1,0,0,0,0,0,0,0,0,0,0,0,0,0,0,0,0,0,0,0,0,50.85,52.37,29.52,48.73,293.49,451180081,62489025,9583516100521,493975742625,5
1,2013-07-19T04:00:00Z,21009,7827,50.31,2013,0,0,1,7,0,0,0,0,0,0,1,0,0,0,0,0,vendredi,0,0,0,0,0,0,1,0,0,0,4,0,0,0,0,1,0,0,0,0,0,0,0,0,0,0,0,0,0,0,0,0,0,0,0,48.73,52.18,32.55,48.73,293.49,441378081,61261929,9272912103729,479497118283,5
1,2013-07-19T05:00:00Z,21281,7941,50.09,2013,0,0,1,7,0,0,0,0,0,0,1,0,0,0,0,0,vendredi,0,0,0,0,0,0,1,0,0,0,5,0,0,0,0,0,1,0,0,0,0,0,0,0,0,0,0,0,0,0,0,0,0,0,0,51.53,55.06,27.63,50.09,293.49,452880961,63059481,9637759731041,500755338621,5
1,2013-07-19T06:00:00Z,22363,8328,57.11,2013,0,0,1,7,0,0,0,0,0,0,1,0,0,0,0,0,vendredi,0,0,0,0,0,0,1,0,0,0,6,0,0,0,0,0,0,1,0,0,0,0,0,0,0,0,0,0,0,0,0,0,0,0,0,54.57,58.01,37.72,50.09,293.49,500103769,69355584,11183820586147,577593303552,5
1,2013-07-19T07:00:00Z,24357,8994,62.43,2013,0,0,1,7,0,0,0,0,0,0,1,0,0,0,0,0,vendredi,0,0,0,0,0,0,1,0,0,0,7,0,0,0,0,0,0,0,1,0,0,0,0,0,0,0,0,0,0,0,0,0,0,0,0,68.72,68.7,37.72,50.09,293.49,593263449,80892036,14450117827293,727542971784,5
1,2013-07-19T08:00:00Z,26340,9614,73.29,2013,0,0,1,7,0,0,0,0,0,0,1,0,0,0,0,0,vendredi,0,0,0,0,0,0,1,0,0,0,8,0,0,0,0,0,0,0,0,1,0,0,0,0,0,0,0,0,0,0,0,0,0,0,0,76.62,72.64,44.19,50.09,293.49,693795600,92428996,18274576104000,888612367544,5
1,2013-07-19T09:00:00Z,28139,10147,84.72,2013,0,0,1,7,0,0,0,0,0,0,1,0,0,0,0,0,vendredi,0,0,0,0,0,0,1,0,0,0,9,0,0,0,0,0,0,0,0,0,1,0,0,0,0,0,0,0,0,0,0,0,0,0,0,92.69,86.34,50.35,50.09,293.49,791803321,102961609,22280553649619,1044751446523,5
1,2013-07-19T10:00:00Z,29781,10570,130,2013,0,0,1,7,0,0,0,0,0,0,1,0,0,0,0,0,vendredi,0,0,0,0,0,0,1,0,0,0,10,0,0,0,0,0,0,0,0,0,0,1,0,0,0,0,0,0,0,0,0,0,0,0,0,135.3,112,54.18,50.09,293.49,886907961,111724900,26413005986541,1180932193000,5
1,2013-07-19T11:00:00Z,31060,10872,159.77,2013,0,0,1,7,0,0,0,0,0,0,1,0,0,0,0,0,vendredi,0,0,0,0,0,0,1,0,0,0,11,0,0,0,0,0,0,0,0,0,0,0,1,0,0,0,0,0,0,0,0,0,0,0,0,155.99,143.64,55.68,50.09,293.49,964723600,118200384,29964315016000,1285074574848,5
1,2013-07-19T12:00:00Z,31937,11064,192.58,2013,0,0,1,7,0,0,0,0,0,0,1,0,0,0,0,0,vendredi,0,0,0,0,0,0,1,0,0,0,12,0,0,0,0,0,0,0,0,0,0,0,0,1,0,0,0,0,0,0,0,0,0,0,0,172.77,151.76,59.29,50.09,293.49,1019971969,122412096,32574844773953,1354367430144,5
1,2013-07-19T13:00:00Z,32595,11173,265,2013,0,0,1,7,0,0,0,0,0,0,1,0,0,0,0,0,vendredi,0,0,0,0,0,0,1,0,0,0,13,0,0,0,0,0,0,0,0,0,0,0,0,0,1,0,0,0,0,0,0,0,0,0,0,226.22,165.88,59.38,50.09,293.49,1062434025,124835929,34630037044875,1394791834717,5
1,2013-07-19T14:00:00Z,33010,11271,291.01,2013,0,0,1,7,0,0,0,0,0,0,1,0,0,0,0,0,vendredi,0,0,0,0,0,0,1,0,0,0,14,0,0,0,0,0,0,0,0,0,0,0,0,0,0,1,0,0,0,0,0,0,0,0,0,262.19,181.4,61.01,50.09,293.49,1089660100,127035441,35969679901000,1431816455511,5
1,2013-07-19T15:00:00Z,33293,11372,313.7,2013,0,0,1,7,0,0,0,0,0,0,1,0,0,0,0,0,vendredi,0,0,0,0,0,0,1,0,0,0,15,0,0,0,0,0,0,0,0,0,0,0,0,0,0,0,1,0,0,0,0,0,0,0,0,292.06,205,62.02,50.09,313.7,1108423849,129322384,36902755204757,1470654150848,5
1,2013-07-19T16:00:00Z,33449,11441,318.47,2013,0,0,1,7,0,0,0,0,0,0,1,0,0,0,0,0,vendredi,0,0,0,0,0,0,1,0,0,0,16,0,0,0,0,0,0,0,0,0,0,0,0,0,0,0,0,1,0,0,0,0,0,0,0,293.49,220,62.02,50.09,318.47,1118835601,130896481,37423932017849,1497586639121,5
1,2013-07-19T17:00:00Z,33163,11368,288.37,2013,0,0,1,7,0,0,0,0,0,0,1,0,0,0,0,0,vendredi,0,0,0,0,0,0,1,0,0,0,17,0,0,0,0,0,0,0,0,0,0,0,0,0,0,0,0,0,1,0,0,0,0,0,0,264.13,200,59.82,50.09,318.47,1099784569,129231424,36472155661747,1469102828032,5
1,2013-07-19T18:00:00Z,32371,11084,178.28,2013,0,0,1,7,0,0,0,0,0,0,1,0,0,0,0,0,vendredi,0,0,0,0,0,0,1,0,0,0,18,0,0,0,0,0,0,0,0,0,0,0,0,0,0,0,0,0,0,1,0,0,0,0,0,202.6,160.03,56.5,50.09,318.47,1047881641,122855056,33920976600811,1361725440704,5
1,2013-07-19T19:00:00Z,31282,10766,148.64,2013,0,0,1,7,0,0,0,0,0,0,1,0,0,0,0,0,vendredi,0,0,0,0,0,0,1,0,0,0,19,0,0,0,0,0,0,0,0,0,0,0,0,0,0,0,0,0,0,0,1,0,0,0,0,154.59,140,53.19,50.09,318.47,978563524,115906756,30611424157768,1247852135096,5
1,2013-07-19T20:00:00Z,30377,10495,107.45,2013,0,0,1,7,0,0,0,0,0,0,1,0,0,0,0,0,vendredi,0,0,0,0,0,0,1,0,0,0,20,0,0,0,0,0,0,0,0,0,0,0,0,0,0,0,0,0,0,0,0,1,0,0,0,132.14,113.97,51.19,50.09,318.47,922762129,110145025,28030745192633,1155972037375,5
1,2013-07-19T21:00:00Z,29795,10332,90.65,2013,0,0,1,7,0,0,0,0,0,0,1,0,0,0,0,0,vendredi,0,0,0,0,0,0,1,0,0,0,21,0,0,0,0,0,0,0,0,0,0,0,0,0,0,0,0,0,0,0,0,0,1,0,0,123.12,111.08,49.94,50.09,318.47,887742025,106750224,26450273634875,1102943314368,5
1,2013-07-19T22:00:00Z,28231,9975,83.81,2013,0,0,1,7,0,0,0,0,0,0,1,0,0,0,0,0,vendredi,0,0,0,0,0,0,1,0,0,0,22,0,0,0,0,0,0,0,0,0,0,0,0,0,0,0,0,0,0,0,0,0,0,1,0,88.12,87.49,47.57,50.09,318.47,796989361,99500625,22499806650391,992518734375,5
1,2013-07-19T23:00:00Z,26217,9456,72.81,2013,0,0,1,7,0,0,0,0,0,0,1,0,0,0,0,0,vendredi,0,0,0,0,0,0,1,0,0,0,23,0,0,0,0,0,0,0,0,0,0,0,0,0,0,0,0,0,0,0,0,0,0,0,1,71.33,81.04,41.46,50.09,318.47,687331089,89415936,18019759160313,845517090816,5
1,2013-07-20T00:00:00Z,25162,9377,61.49,2013,0,0,1,7,0,0,0,0,0,0,1,0,0,0,0,0,samedi,1,0,0,0,0,0,0,1,0,1,0,1,0,0,0,0,0,0,0,0,0,0,0,0,0,0,0,0,0,0,0,0,0,0,0,64.38,63.45,38.94,50.09,318.47,633126244,87928129,15930722551528,824502065633,6
1,2013-07-20T01:00:00Z,23078,8697,58.79,2013,0,0,1,7,0,0,0,0,0,0,1,0,0,0,0,0,samedi,1,0,0,0,0,0,0,1,0,1,1,0,1,0,0,0,0,0,0,0,0,0,0,0,0,0,0,0,0,0,0,0,0,0,0,63.02,59.55,32.69,50.09,318.47,532594084,75637809,12291206270552,657822024873,6
1,2013-07-20T02:00:00Z,21769,8245,56.62,2013,0,0,1,7,0,0,0,0,0,0,1,0,0,0,0,0,samedi,1,0,0,0,0,0,0,1,0,1,2,0,0,1,0,0,0,0,0,0,0,0,0,0,0,0,0,0,0,0,0,0,0,0,0,61.28,57.26,28.62,50.09,318.47,473889361,67980025,10316097499609,560495306125,6
1,2013-07-20T03:00:00Z,20925,7959,53.76,2013,0,0,1,7,0,0,0,0,0,0,1,0,0,0,0,0,samedi,1,0,0,0,0,0,0,1,0,1,3,0,0,0,1,0,0,0,0,0,0,0,0,0,0,0,0,0,0,0,0,0,0,0,0,55.38,50.85,29,50.09,318.47,437855625,63345681,9162128953125,504168275079,6
1,2013-07-20T04:00:00Z,20519,7823,47.6,2013,0,0,1,7,0,0,0,0,0,0,1,0,0,0,0,0,samedi,1,0,0,0,0,0,0,1,0,1,4,0,0,0,0,1,0,0,0,0,0,0,0,0,0,0,0,0,0,0,0,0,0,0,0,50.31,48.73,22.6,47.6,318.47,421029361,61199329,8639101458359,478762350767,6
1,2013-07-20T05:00:00Z,20389,7708,43.56,2013,0,0,1,7,0,0,0,0,0,0,1,0,0,0,0,0,samedi,1,0,0,0,0,0,0,1,0,1,5,0,0,0,0,0,1,0,0,0,0,0,0,0,0,0,0,0,0,0,0,0,0,0,0,50.09,51.53,22.14,43.56,318.47,415711321,59413264,8475938123869,457957438912,6
1,2013-07-20T06:00:00Z,20636,7696,44.1,2013,0,0,1,7,0,0,0,0,0,0,1,0,0,0,0,0,samedi,1,0,0,0,0,0,0,1,0,1,6,0,0,0,0,0,0,1,0,0,0,0,0,0,0,0,0,0,0,0,0,0,0,0,0,57.11,54.57,22.9,43.56,318.47,425844496,59228416,8787727019456,455821889536,6
1,2013-07-20T07:00:00Z,21563,7972,48.14,2013,0,0,1,7,0,0,0,0,0,0,1,0,0,0,0,0,samedi,1,0,0,0,0,0,0,1,0,1,7,0,0,0,0,0,0,0,1,0,0,0,0,0,0,0,0,0,0,0,0,0,0,0,0,62.43,68.72,32.11,43.56,318.47,464962969,63552784,10025996500547,506642794048,6
1,2013-07-20T08:00:00Z,23147,8405,60.55,2013,0,0,1,7,0,0,0,0,0,0,1,0,0,0,0,0,samedi,1,0,0,0,0,0,0,1,0,1,8,0,0,0,0,0,0,0,0,1,0,0,0,0,0,0,0,0,0,0,0,0,0,0,0,73.29,76.62,34.79,43.56,318.47,535783609,70644025,12401783197523,593763030125,6
1,2013-07-20T09:00:00Z,24899,8868,66.24,2013,0,0,1,7,0,0,0,0,0,0,1,0,0,0,0,0,samedi,1,0,0,0,0,0,0,1,0,1,9,0,0,0,0,0,0,0,0,0,1,0,0,0,0,0,0,0,0,0,0,0,0,0,0,84.72,92.69,36.14,43.56,318.47,619960201,78641424,15436389044699,697392148032,6
1,2013-07-20T10:00:00Z,26459,9311,77.81,2013,0,0,1,7,0,0,0,0,0,0,1,0,0,0,0,0,samedi,1,0,0,0,0,0,0,1,0,1,10,0,0,0,0,0,0,0,0,0,0,1,0,0,0,0,0,0,0,0,0,0,0,0,0,130,135.3,42.3,43.56,318.47,700078681,86694721,18523381820579,807214547231,6
1,2013-07-20T11:00:00Z,27535,9621,84.9,2013,0,0,1,7,0,0,0,0,0,0,1,0,0,0,0,0,samedi,1,0,0,0,0,0,0,1,0,1,11,0,0,0,0,0,0,0,0,0,0,0,1,0,0,0,0,0,0,0,0,0,0,0,0,159.77,155.99,49.17,43.56,318.47,758176225,92563641,20876382355375,890554790061,6
1,2013-07-20T12:00:00Z,28103,9775,103.51,2013,0,0,1,7,0,0,0,0,0,0,1,0,0,0,0,0,samedi,1,0,0,0,0,0,0,1,0,1,12,0,0,0,0,0,0,0,0,0,0,0,0,1,0,0,0,0,0,0,0,0,0,0,0,192.58,172.77,50.06,43.56,318.47,789778609,95550625,22195148248727,934007359375,6
1,2013-07-20T13:00:00Z,28302,9812,110.2,2013,0,0,1,7,0,0,0,0,0,0,1,0,0,0,0,0,samedi,1,0,0,0,0,0,0,1,0,1,13,0,0,0,0,0,0,0,0,0,0,0,0,0,1,0,0,0,0,0,0,0,0,0,0,265,226.22,51.08,43.56,318.47,801003204,96275344,22669992679608,944653675328,6
1,2013-07-20T14:00:00Z,28311,9838,128.12,2013,0,0,1,7,0,0,0,0,0,0,1,0,0,0,0,0,samedi,1,0,0,0,0,0,0,1,0,1,14,0,0,0,0,0,0,0,0,0,0,0,0,0,0,1,0,0,0,0,0,0,0,0,0,291.01,262.19,51.19,43.56,318.47,801512721,96786244,22691626644231,952183068472,6
1,2013-07-20T15:00:00Z,28248,9848,128.33,2013,0,0,1,7,0,0,0,0,0,0,1,0,0,0,0,0,samedi,1,0,0,0,0,0,0,1,0,1,15,0,0,0,0,0,0,0,0,0,0,0,0,0,0,0,1,0,0,0,0,0,0,0,0,313.7,292.06,52.01,43.56,318.47,797949504,96983104,22540477588992,955089608192,6
1,2013-07-20T16:00:00Z,28157,9845,119.25,2013,0,0,1,7,0,0,0,0,0,0,1,0,0,0,0,0,samedi,1,0,0,0,0,0,0,1,0,1,16,0,0,0,0,0,0,0,0,0,0,0,0,0,0,0,0,1,0,0,0,0,0,0,0,318.47,293.49,53.43,43.56,318.47,792816649,96924025,22323338385893,954217026125,6
1,2013-07-20T17:00:00Z,27935,9801,107.92,2013,0,0,1,7,0,0,0,0,0,0,1,0,0,0,0,0,samedi,1,0,0,0,0,0,0,1,0,1,17,0,0,0,0,0,0,0,0,0,0,0,0,0,0,0,0,0,1,0,0,0,0,0,0,288.37,264.13,52.96,43.56,288.37,780364225,96059601,21799474625375,941480149401,6
1,2013-07-20T18:00:00Z,27570,9784,85.53,2013,0,0,1,7,0,0,0,0,0,0,1,0,0,0,0,0,samedi,1,0,0,0,0,0,0,1,0,1,18,0,0,0,0,0,0,0,0,0,0,0,0,0,0,0,0,0,0,1,0,0,0,0,0,178.28,202.6,50.13,43.56,178.28,760104900,95726656,20956092093000,936589602304,6
1,2013-07-20T19:00:00Z,26929,9662,78.76,2013,0,0,1,7,0,0,0,0,0,0,1,0,0,0,0,0,samedi,1,0,0,0,0,0,0,1,0,1,19,0,0,0,0,0,0,0,0,0,0,0,0,0,0,0,0,0,0,0,1,0,0,0,0,148.64,154.59,47.86,43.56,148.64,725171041,93354244,19528130963089,901988705528,6
1,2013-07-20T20:00:00Z,26481,9657,76.8,2013,0,0,1,7,0,0,0,0,0,0,1,0,0,0,0,0,samedi,1,0,0,0,0,0,0,1,0,1,20,0,0,0,0,0,0,0,0,0,0,0,0,0,0,0,0,0,0,0,0,1,0,0,0,107.45,132.14,47.73,43.56,128.33,701243361,93257649,18569625442641,900589116393,6
1,2013-07-20T21:00:00Z,26227,9587,77.11,2013,0,0,1,7,0,0,0,0,0,0,1,0,0,0,0,0,samedi,1,0,0,0,0,0,0,1,0,1,21,0,0,0,0,0,0,0,0,0,0,0,0,0,0,0,0,0,0,0,0,0,1,0,0,90.65,123.12,47.19,43.56,128.33,687855529,91910569,18040386959083,881146625003,6
1,2013-07-20T22:00:00Z,25180,9406,74.38,2013,0,0,1,7,0,0,0,0,0,0,1,0,0,0,0,0,samedi,1,0,0,0,0,0,0,1,0,1,22,0,0,0,0,0,0,0,0,0,0,0,0,0,0,0,0,0,0,0,0,0,0,1,0,83.81,88.12,43.87,43.56,128.33,634032400,88472836,15964935832000,832175495416,6
1,2013-07-20T23:00:00Z,23585,8997,63.15,2013,0,0,1,7,0,0,0,0,0,0,1,0,0,0,0,0,samedi,1,0,0,0,0,0,0,1,0,1,23,0,0,0,0,0,0,0,0,0,0,0,0,0,0,0,0,0,0,0,0,0,0,0,1,72.81,71.33,42.96,43.56,128.33,556252225,80946009,13119208726625,728271242973,6
1,2013-07-24T00:00:00Z,20453,7554,46.4,2013,0,0,1,7,0,0,0,0,0,0,1,0,0,0,0,0,mercredi,0,0,0,0,1,0,0,0,0,0,0,1,0,0,0,0,0,0,0,0,0,0,0,0,0,0,0,0,0,0,0,0,0,0,0,45.23,46.73,67.3,34.47,80.66,418325209,57062916,8556005499677,431053267464,3
1,2013-07-24T01:00:00Z,19350,7161,39.41,2013,0,0,1,7,0,0,0,0,0,0,1,0,0,0,0,0,mercredi,0,0,0,0,1,0,0,0,0,0,1,0,1,0,0,0,0,0,0,0,0,0,0,0,0,0,0,0,0,0,0,0,0,0,0,39.89,39.73,64.59,34.47,80.66,374422500,51279921,7245075375000,367215514281,3
1,2013-07-24T02:00:00Z,18177,6729,34.94,2013,0,0,1,7,0,0,0,0,0,0,1,0,0,0,0,0,mercredi,0,0,0,0,1,0,0,0,0,0,2,0,0,1,0,0,0,0,0,0,0,0,0,0,0,0,0,0,0,0,0,0,0,0,0,36.95,33.77,61.95,34.47,80.66,330403329,45279441,6005741311233,304685358489,3
1,2013-07-24T03:00:00Z,17466,6468,30.69,2013,0,0,1,7,0,0,0,0,0,0,1,0,0,0,0,0,mercredi,0,0,0,0,1,0,0,0,0,0,3,0,0,0,1,0,0,0,0,0,0,0,0,0,0,0,0,0,0,0,0,0,0,0,0,36.02,32.85,52.37,30.69,80.66,305061156,41835024,5328198150696,270588935232,3
1,2013-07-24T04:00:00Z,17318,6377,30.62,2013,0,0,1,7,0,0,0,0,0,0,1,0,0,0,0,0,mercredi,0,0,0,0,1,0,0,0,0,0,4,0,0,0,0,1,0,0,0,0,0,0,0,0,0,0,0,0,0,0,0,0,0,0,0,34.47,33.52,52.18,30.62,80.66,299913124,40666129,5193895481432,259327904633,3
1,2013-07-24T05:00:00Z,18307,6605,32.81,2013,0,0,1,7,0,0,0,0,0,0,1,0,0,0,0,0,mercredi,0,0,0,0,1,0,0,0,0,0,5,0,0,0,0,0,1,0,0,0,0,0,0,0,0,0,0,0,0,0,0,0,0,0,0,36.86,38.48,55.06,30.62,80.66,335146249,43626025,6135522380443,288149895125,3
1,2013-07-24T06:00:00Z,18837,6949,36.04,2013,0,0,1,7,0,0,0,0,0,0,1,0,0,0,0,0,mercredi,0,0,0,0,1,0,0,0,0,0,6,0,0,0,0,0,0,1,0,0,0,0,0,0,0,0,0,0,0,0,0,0,0,0,0,38.47,37.5,58.01,30.62,80.66,354832569,48288601,6683981102253,335557488349,3
1,2013-07-24T07:00:00Z,20670,7632,41.56,2013,0,0,1,7,0,0,0,0,0,0,1,0,0,0,0,0,mercredi,0,0,0,0,1,0,0,0,0,0,7,0,0,0,0,0,0,0,1,0,0,0,0,0,0,0,0,0,0,0,0,0,0,0,0,41.59,41.72,68.7,30.62,80.66,427248900,58247424,8831234763000,444544339968,3
1,2013-07-24T08:00:00Z,22198,8224,50.23,2013,0,0,1,7,0,0,0,0,0,0,1,0,0,0,0,0,mercredi,0,0,0,0,1,0,0,0,0,0,8,0,0,0,0,0,0,0,0,1,0,0,0,0,0,0,0,0,0,0,0,0,0,0,0,49.58,48.72,72.64,30.62,80.66,492751204,67634176,10938091226392,556223463424,3
1,2013-07-24T09:00:00Z,23419,8700,52.74,2013,0,0,1,7,0,0,0,0,0,0,1,0,0,0,0,0,mercredi,0,0,0,0,1,0,0,0,0,0,9,0,0,0,0,0,0,0,0,0,1,0,0,0,0,0,0,0,0,0,0,0,0,0,0,56.45,56.31,86.34,30.62,80.66,548449561,75690000,12844140269059,658503000000,3
1,2013-07-24T10:00:00Z,24443,9023,57.4,2013,0,0,1,7,0,0,0,0,0,0,1,0,0,0,0,0,mercredi,0,0,0,0,1,0,0,0,0,0,10,0,0,0,0,0,0,0,0,0,0,1,0,0,0,0,0,0,0,0,0,0,0,0,0,59.96,65.21,112,30.62,80.66,597460249,81414529,14603720866307,734603295167,3
1,2013-07-24T11:00:00Z,25093,9212,57.94,2013,0,0,1,7,0,0,0,0,0,0,1,0,0,0,0,0,mercredi,0,0,0,0,1,0,0,0,0,0,11,0,0,0,0,0,0,0,0,0,0,0,1,0,0,0,0,0,0,0,0,0,0,0,0,59.26,59.68,143.64,30.62,80.66,629658649,84860944,15800024479357,781739016128,3
1,2013-07-24T12:00:00Z,25421,9282,59.31,2013,0,0,1,7,0,0,0,0,0,0,1,0,0,0,0,0,mercredi,0,0,0,0,1,0,0,0,0,0,12,0,0,0,0,0,0,0,0,0,0,0,0,1,0,0,0,0,0,0,0,0,0,0,0,73.35,64.68,151.76,30.62,80.66,646227241,86155524,16427742693461,799695573768,3
1,2013-07-24T13:00:00Z,25685,9331,60.91,2013,0,0,1,7,0,0,0,0,0,0,1,0,0,0,0,0,mercredi,0,0,0,0,1,0,0,0,0,0,13,0,0,0,0,0,0,0,0,0,0,0,0,0,1,0,0,0,0,0,0,0,0,0,0,69.88,69.86,165.88,30.62,80.66,659719225,87067561,16944888294125,812427411691,3
1,2013-07-24T14:00:00Z,25778,9370,62.42,2013,0,0,1,7,0,0,0,0,0,0,1,0,0,0,0,0,mercredi,0,0,0,0,1,0,0,0,0,0,14,0,0,0,0,0,0,0,0,0,0,0,0,0,0,1,0,0,0,0,0,0,0,0,0,79.53,72.07,181.4,30.62,80.66,664505284,87796900,17129617210952,822656953000,3
1,2013-07-24T15:00:00Z,25883,9417,63.01,2013,0,0,1,7,0,0,0,0,0,0,1,0,0,0,0,0,mercredi,0,0,0,0,1,0,0,0,0,0,15,0,0,0,0,0,0,0,0,0,0,0,0,0,0,0,1,0,0,0,0,0,0,0,0,79.18,85.4,205,30.62,80.66,669929689,88679889,17339790140387,835098514713,3
1,2013-07-24T16:00:00Z,25950,9440,62.98,2013,0,0,1,7,0,0,0,0,0,0,1,0,0,0,0,0,mercredi,0,0,0,0,1,0,0,0,0,0,16,0,0,0,0,0,0,0,0,0,0,0,0,0,0,0,0,1,0,0,0,0,0,0,0,80.66,84.25,220,30.62,80.66,673402500,89113600,17474794875000,841232384000,3
1,2013-07-24T17:00:00Z,25757,9352,62.62,2013,0,0,1,7,0,0,0,0,0,0,1,0,0,0,0,0,mercredi,0,0,0,0,1,0,0,0,0,0,17,0,0,0,0,0,0,0,0,0,0,0,0,0,0,0,0,0,1,0,0,0,0,0,0,76.68,71.9,200,30.62,76.68,663423049,87459904,17087787473093,817925022208,3
1,2013-07-24T18:00:00Z,25079,9011,58.58,2013,0,0,1,7,0,0,0,0,0,0,1,0,0,0,0,0,mercredi,0,0,0,0,1,0,0,0,0,0,18,0,0,0,0,0,0,0,0,0,0,0,0,0,0,0,0,0,0,1,0,0,0,0,0,62.39,60.89,160.03,30.62,64.01,628956241,81198121,15773593568039,731676268331,3
1,2013-07-24T19:00:00Z,24282,8670,56.62,2013,0,0,1,7,0,0,0,0,0,0,1,0,0,0,0,0,mercredi,0,0,0,0,1,0,0,0,0,0,19,0,0,0,0,0,0,0,0,0,0,0,0,0,0,0,0,0,0,0,1,0,0,0,0,61.41,59.58,140,30.62,64.01,589615524,75168900,14317044153768,651714363000,3
1,2013-07-24T20:00:00Z,23766,8463,54.34,2013,0,0,1,7,0,0,0,0,0,0,1,0,0,0,0,0,mercredi,0,0,0,0,1,0,0,0,0,0,20,0,0,0,0,0,0,0,0,0,0,0,0,0,0,0,0,0,0,0,0,1,0,0,0,64.01,59.87,113.97,30.62,64.01,564822756,71622369,13423577619096,606140108847,3
1,2013-07-24T21:00:00Z,23452,8348,50.93,2013,0,0,1,7,0,0,0,0,0,0,1,0,0,0,0,0,mercredi,0,0,0,0,1,0,0,0,0,0,21,0,0,0,0,0,0,0,0,0,0,0,0,0,0,0,0,0,0,0,0,0,1,0,0,61.29,58.19,111.08,30.62,63.01,549996304,69689104,12898513321408,581764640192,3
1,2013-07-24T22:00:00Z,22077,8024,49.42,2013,0,0,1,7,0,0,0,0,0,0,1,0,0,0,0,0,mercredi,0,0,0,0,1,0,0,0,0,0,22,0,0,0,0,0,0,0,0,0,0,0,0,0,0,0,0,0,0,0,0,0,0,1,0,55.2,52.93,87.49,30.62,63.01,487393929,64384576,10760195770533,516621837824,3
1,2013-07-24T23:00:00Z,20195,7493,45.28,2013,0,0,1,7,0,0,0,0,0,0,1,0,0,0,0,0,mercredi,0,0,0,0,1,0,0,0,0,0,23,0,0,0,0,0,0,0,0,0,0,0,0,0,0,0,0,0,0,0,0,0,0,0,1,50.51,49.5,81.04,30.62,63.01,407838025,56145049,8236288914875,420694852157,3
1,2013-07-25T00:00:00Z,19029,7267,40.3,2013,0,0,1,7,0,0,0,0,0,0,1,0,0,0,0,0,jeudi,0,0,0,0,0,1,0,0,0,0,0,1,0,0,0,0,0,0,0,0,0,0,0,0,0,0,0,0,0,0,0,0,0,0,0,46.4,45.23,63.45,30.62,63.01,362102841,52809289,6890454961389,383765103163,4
1,2013-07-25T01:00:00Z,18040,6867,37.93,2013,0,0,1,7,0,0,0,0,0,0,1,0,0,0,0,0,jeudi,0,0,0,0,0,1,0,0,0,0,1,0,1,0,0,0,0,0,0,0,0,0,0,0,0,0,0,0,0,0,0,0,0,0,0,39.41,39.89,59.55,30.62,63.01,325441600,47155689,5870966464000,323818116363,4
1,2013-07-25T02:00:00Z,16864,6291,31.1,2013,0,0,1,7,0,0,0,0,0,0,1,0,0,0,0,0,jeudi,0,0,0,0,0,1,0,0,0,0,2,0,0,1,0,0,0,0,0,0,0,0,0,0,0,0,0,0,0,0,0,0,0,0,0,34.94,36.95,57.26,30.62,63.01,284394496,39576681,4796028780544,248976900171,4
1,2013-07-25T03:00:00Z,16165,5967,30.86,2013,0,0,1,7,0,0,0,0,0,0,1,0,0,0,0,0,jeudi,0,0,0,0,0,1,0,0,0,0,3,0,0,0,1,0,0,0,0,0,0,0,0,0,0,0,0,0,0,0,0,0,0,0,0,30.69,36.02,50.85,30.62,63.01,261307225,35605089,4224031292125,212455566063,4
1,2013-07-25T04:00:00Z,16013,5865,25.87,2013,0,0,1,7,0,0,0,0,0,0,1,0,0,0,0,0,jeudi,0,0,0,0,0,1,0,0,0,0,4,0,0,0,0,1,0,0,0,0,0,0,0,0,0,0,0,0,0,0,0,0,0,0,0,30.62,34.47,48.73,25.87,63.01,256416169,34398225,4105992114197,201745589625,4
1,2013-07-25T05:00:00Z,17015,6250,28.63,2013,0,0,1,7,0,0,0,0,0,0,1,0,0,0,0,0,jeudi,0,0,0,0,0,1,0,0,0,0,5,0,0,0,0,0,1,0,0,0,0,0,0,0,0,0,0,0,0,0,0,0,0,0,0,32.81,36.86,51.53,25.87,63.01,289510225,39062500,4926016478375,244140625000,4
1,2013-07-25T06:00:00Z,17512,6417,35.45,2013,0,0,1,7,0,0,0,0,0,0,1,0,0,0,0,0,jeudi,0,0,0,0,0,1,0,0,0,0,6,0,0,0,0,0,0,1,0,0,0,0,0,0,0,0,0,0,0,0,0,0,0,0,0,36.04,38.47,54.57,25.87,63.01,306670144,41177889,5370407561728,264238513713,4
1,2013-07-25T07:00:00Z,19158,7017,38.96,2013,0,0,1,7,0,0,0,0,0,0,1,0,0,0,0,0,jeudi,0,0,0,0,0,1,0,0,0,0,7,0,0,0,0,0,0,0,1,0,0,0,0,0,0,0,0,0,0,0,0,0,0,0,0,41.56,41.59,68.72,25.87,63.01,367028964,49238289,7031540892312,345505073913,4
1,2013-07-25T08:00:00Z,20362,7476,42.86,2013,0,0,1,7,0,0,0,0,0,0,1,0,0,0,0,0,jeudi,0,0,0,0,0,1,0,0,0,0,8,0,0,0,0,0,0,0,0,1,0,0,0,0,0,0,0,0,0,0,0,0,0,0,0,50.23,49.58,76.62,25.87,63.01,414611044,55890576,8442310077928,417837946176,4
1,2013-07-25T09:00:00Z,21268,7826,47.69,2013,0,0,1,7,0,0,0,0,0,0,1,0,0,0,0,0,jeudi,0,0,0,0,0,1,0,0,0,0,9,0,0,0,0,0,0,0,0,0,1,0,0,0,0,0,0,0,0,0,0,0,0,0,0,52.74,56.45,92.69,25.87,63.01,452327824,61246276,9620108160832,479313355976,4
1,2013-07-25T10:00:00Z,22001,8053,54.39,2013,0,0,1,7,0,0,0,0,0,0,1,0,0,0,0,0,jeudi,0,0,0,0,0,1,0,0,0,0,10,0,0,0,0,0,0,0,0,0,0,1,0,0,0,0,0,0,0,0,0,0,0,0,0,57.4,59.96,135.3,25.87,63.01,484044001,64850809,10649452066001,522243564877,4
1,2013-07-25T11:00:00Z,22393,8175,54.14,2013,0,0,1,7,0,0,0,0,0,0,1,0,0,0,0,0,jeudi,0,0,0,0,0,1,0,0,0,0,11,0,0,0,0,0,0,0,0,0,0,0,1,0,0,0,0,0,0,0,0,0,0,0,0,57.94,59.26,155.99,25.87,63.01,501446449,66830625,11228890332457,546340359375,4
1,2013-07-25T12:00:00Z,22520,8205,57.55,2013,0,0,1,7,0,0,0,0,0,0,1,0,0,0,0,0,jeudi,0,0,0,0,0,1,0,0,0,0,12,0,0,0,0,0,0,0,0,0,0,0,0,1,0,0,0,0,0,0,0,0,0,0,0,59.31,73.35,172.77,25.87,63.01,507150400,67322025,11421027008000,552377215125,4
1,2013-07-25T13:00:00Z,22644,8226,59.24,2013,0,0,1,7,0,0,0,0,0,0,1,0,0,0,0,0,jeudi,0,0,0,0,0,1,0,0,0,0,13,0,0,0,0,0,0,0,0,0,0,0,0,0,1,0,0,0,0,0,0,0,0,0,0,60.91,69.88,226.22,25.87,63.01,512750736,67667076,11610727665984,556629367176,4
1,2013-07-25T14:00:00Z,22731,8261,61.06,2013,0,0,1,7,0,0,0,0,0,0,1,0,0,0,0,0,jeudi,0,0,0,0,0,1,0,0,0,0,14,0,0,0,0,0,0,0,0,0,0,0,0,0,0,1,0,0,0,0,0,0,0,0,0,62.42,79.53,262.19,25.87,63.01,516698361,68244121,11745070443891,563764683581,4
1,2013-07-25T15:00:00Z,22829,8297,71.06,2013,0,0,1,7,0,0,0,0,0,0,1,0,0,0,0,0,jeudi,0,0,0,0,0,1,0,0,0,0,15,0,0,0,0,0,0,0,0,0,0,0,0,0,0,0,1,0,0,0,0,0,0,0,0,63.01,79.18,292.06,25.87,71.06,521163241,68840209,11897635628789,571167214073,4
1,2013-07-25T16:00:00Z,22931,8309,65.69,2013,0,0,1,7,0,0,0,0,0,0,1,0,0,0,0,0,jeudi,0,0,0,0,0,1,0,0,0,0,16,0,0,0,0,0,0,0,0,0,0,0,0,0,0,0,0,1,0,0,0,0,0,0,0,62.98,80.66,293.49,25.87,71.06,525830761,69039481,12057825180491,573649047629,4
1,2013-07-25T17:00:00Z,22841,8246,59.51,2013,0,0,1,7,0,0,0,0,0,0,1,0,0,0,0,0,jeudi,0,0,0,0,0,1,0,0,0,0,17,0,0,0,0,0,0,0,0,0,0,0,0,0,0,0,0,0,1,0,0,0,0,0,0,62.62,76.68,264.13,25.87,71.06,521711281,67996516,11916407369321,560699270936,4
1,2013-07-25T18:00:00Z,22346,7961,54.17,2013,0,0,1,7,0,0,0,0,0,0,1,0,0,0,0,0,jeudi,0,0,0,0,0,1,0,0,0,0,18,0,0,0,0,0,0,0,0,0,0,0,0,0,0,0,0,0,0,1,0,0,0,0,0,58.58,62.39,202.6,25.87,71.06,499343716,63377521,11158334677736,504548444681,4
1,2013-07-25T19:00:00Z,21831,7730,51.18,2013,0,0,1,7,0,0,0,0,0,0,1,0,0,0,0,0,jeudi,0,0,0,0,0,1,0,0,0,0,19,0,0,0,0,0,0,0,0,0,0,0,0,0,0,0,0,0,0,0,1,0,0,0,0,56.62,61.41,154.59,25.87,71.06,476592561,59752900,10404492199191,461889917000,4
1,2013-07-25T20:00:00Z,21594,7586,50.49,2013,0,0,1,7,0,0,0,0,0,0,1,0,0,0,0,0,jeudi,0,0,0,0,0,1,0,0,0,0,20,0,0,0,0,0,0,0,0,0,0,0,0,0,0,0,0,0,0,0,0,1,0,0,0,54.34,64.01,132.14,25.87,71.06,466300836,57547396,10069300252584,436554546056,4
1,2013-07-25T21:00:00Z,21461,7517,49.01,2013,0,0,1,7,0,0,0,0,0,0,1,0,0,0,0,0,jeudi,0,0,0,0,0,1,0,0,0,0,21,0,0,0,0,0,0,0,0,0,0,0,0,0,0,0,0,0,0,0,0,0,1,0,0,50.93,61.29,123.12,25.87,71.06,460574521,56505289,9884389795181,424750257413,4
1,2013-07-25T22:00:00Z,20293,7248,46.08,2013,0,0,1,7,0,0,0,0,0,0,1,0,0,0,0,0,jeudi,0,0,0,0,0,1,0,0,0,0,22,0,0,0,0,0,0,0,0,0,0,0,0,0,0,0,0,0,0,0,0,0,0,1,0,49.42,55.2,88.12,25.87,71.06,411805849,52533504,8356776093757,380762836992,4
1,2013-07-25T23:00:00Z,18729,6825,43.22,2013,0,0,1,7,0,0,0,0,0,0,1,0,0,0,0,0,jeudi,0,0,0,0,0,1,0,0,0,0,23,0,0,0,0,0,0,0,0,0,0,0,0,0,0,0,0,0,0,0,0,0,0,0,1,45.28,50.51,71.33,25.87,71.06,350775441,46580625,6569673234489,317912765625,4
1,2013-12-06T00:00:00Z,14631,4681,31.56,2013,0,0,1,12,0,0,0,0,0,0,0,0,0,0,0,1,vendredi,0,0,0,0,0,0,1,0,0,0,0,1,0,0,0,0,0,0,0,0,0,0,0,0,0,0,0,0,0,0,0,0,0,0,0,30.45,34.42,43.25,25.79,58.17,214066161,21911761,3132002001591,102568953241,5
1,2013-12-06T01:00:00Z,13907,4405,30.02,2013,0,0,1,12,0,0,0,0,0,0,0,0,0,0,0,1,vendredi,0,0,0,0,0,0,1,0,0,0,1,0,1,0,0,0,0,0,0,0,0,0,0,0,0,0,0,0,0,0,0,0,0,0,0,27.32,31.43,41.37,25.79,58.17,193404649,19404025,2689678453643,85474730125,5
1,2013-12-06T02:00:00Z,13513,4237,30.08,2013,0,0,1,12,0,0,0,0,0,0,0,0,0,0,0,1,vendredi,0,0,0,0,0,0,1,0,0,0,2,0,0,1,0,0,0,0,0,0,0,0,0,0,0,0,0,0,0,0,0,0,0,0,0,26.08,30.16,34.58,25.79,58.17,182601169,17952169,2467489596697,76063340053,5
1,2013-12-06T03:00:00Z,13305,4144,29.83,2013,0,0,1,12,0,0,0,0,0,0,0,0,0,0,0,1,vendredi,0,0,0,0,0,0,1,0,0,0,3,0,0,0,1,0,0,0,0,0,0,0,0,0,0,0,0,0,0,0,0,0,0,0,0,25.79,29.22,38.49,25.79,58.17,177023025,17172736,2355291347625,71163817984,5
1,2013-12-06T04:00:00Z,13446,4130,30.37,2013,0,0,1,12,0,0,0,0,0,0,0,0,0,0,0,1,vendredi,0,0,0,0,0,0,1,0,0,0,4,0,0,0,0,1,0,0,0,0,0,0,0,0,0,0,0,0,0,0,0,0,0,0,0,26.01,30.55,34.81,26.01,58.17,180794916,17056900,2430968440536,70444997000,5
1,2013-12-06T05:00:00Z,14272,4349,32.91,2013,0,0,1,12,0,0,0,0,0,0,0,0,0,0,0,1,vendredi,0,0,0,0,0,0,1,0,0,0,5,0,0,0,0,0,1,0,0,0,0,0,0,0,0,0,0,0,0,0,0,0,0,0,0,31.01,34.92,41.66,29.83,58.17,203689984,18913801,2907063451648,82256120549,5
1,2013-12-06T06:00:00Z,15966,4872,40.53,2013,0,0,1,12,0,0,0,0,0,0,0,0,0,0,0,1,vendredi,0,0,0,0,0,0,1,0,0,0,6,0,0,0,0,0,0,1,0,0,0,0,0,0,0,0,0,0,0,0,0,0,0,0,0,38.41,45.55,46.92,29.83,58.17,254913156,23736384,4069943448696,115643662848,5
1,2013-12-06T07:00:00Z,17475,5451,45.47,2013,0,0,1,12,0,0,0,0,0,0,0,0,0,0,0,1,vendredi,0,0,0,0,0,0,1,0,0,0,7,0,0,0,0,0,0,0,1,0,0,0,0,0,0,0,0,0,0,0,0,0,0,0,0,44.16,48.56,50.39,29.83,58.17,305375625,29713401,5336439046875,161967748851,5
1,2013-12-06T08:00:00Z,18187,5848,42.37,2013,0,0,1,12,0,0,0,0,0,0,0,0,0,0,0,1,vendredi,0,0,0,0,0,0,1,0,0,0,8,0,0,0,0,0,0,0,0,1,0,0,0,0,0,0,0,0,0,0,0,0,0,0,0,42.5,47.96,50.22,29.83,58.17,330766969,34199104,6015658865203,199996360192,5
1,2013-12-06T09:00:00Z,18663,6100,44.06,2013,0,0,1,12,0,0,0,0,0,0,0,0,0,0,0,1,vendredi,0,0,0,0,0,0,1,0,0,0,9,0,0,0,0,0,0,0,0,0,1,0,0,0,0,0,0,0,0,0,0,0,0,0,0,43.09,48.45,52.84,29.83,58.17,348307569,37210000,6500464160247,226981000000,5
1,2013-12-06T10:00:00Z,18923,6218,44.75,2013,0,0,1,12,0,0,0,0,0,0,0,0,0,0,0,1,vendredi,0,0,0,0,0,0,1,0,0,0,10,0,0,0,0,0,0,0,0,0,0,1,0,0,0,0,0,0,0,0,0,0,0,0,0,40.34,47.54,52.31,29.83,58.17,358079929,38663524,6775946496467,240409792232,5
1,2013-12-06T11:00:00Z,18984,6253,43.57,2013,0,0,1,12,0,0,0,0,0,0,0,0,0,0,0,1,vendredi,0,0,0,0,0,0,1,0,0,0,11,0,0,0,0,0,0,0,0,0,0,0,1,0,0,0,0,0,0,0,0,0,0,0,0,38.75,45.59,47.23,29.83,58.17,360392256,39100009,6841686587904,244492356277,5
1,2013-12-06T12:00:00Z,18931,6259,41.42,2013,0,0,1,12,0,0,0,0,0,0,0,0,0,0,0,1,vendredi,0,0,0,0,0,0,1,0,0,0,12,0,0,0,0,0,0,0,0,0,0,0,0,1,0,0,0,0,0,0,0,0,0,0,0,37.45,44.24,44.23,29.83,58.17,358382761,39175081,6784544048491,245196831979,5
1,2013-12-06T13:00:00Z,18891,6243,39.94,2013,0,0,1,12,0,0,0,0,0,0,0,0,0,0,0,1,vendredi,0,0,0,0,0,0,1,0,0,0,13,0,0,0,0,0,0,0,0,0,0,0,0,0,1,0,0,0,0,0,0,0,0,0,0,36.79,42.51,43.23,29.83,58.17,356869881,38975049,6741628921971,243321230907,5
1,2013-12-06T14:00:00Z,18787,6221,38.96,2013,0,0,1,12,0,0,0,0,0,0,0,0,0,0,0,1,vendredi,0,0,0,0,0,0,1,0,0,0,14,0,0,0,0,0,0,0,0,0,0,0,0,0,0,1,0,0,0,0,0,0,0,0,0,36.36,41.59,42.52,29.83,58.17,352951369,38700841,6630897369403,240757931861,5
1,2013-12-06T15:00:00Z,18841,6236,39.89,2013,0,0,1,12,0,0,0,0,0,0,0,0,0,0,0,1,vendredi,0,0,0,0,0,0,1,0,0,0,15,0,0,0,0,0,0,0,0,0,0,0,0,0,0,0,1,0,0,0,0,0,0,0,0,36.82,41.31,39.25,29.83,58.17,354983281,38887696,6688239997321,242503672256,5
1,2013-12-06T16:00:00Z,19579,6393,51.82,2013,0,0,1,12,0,0,0,0,0,0,0,0,0,0,0,1,vendredi,0,0,0,0,0,0,1,0,0,0,16,0,0,0,0,0,0,0,0,0,0,0,0,0,0,0,0,1,0,0,0,0,0,0,0,49.76,52.47,52.61,29.83,58.17,383337241,40870449,7505359841539,261284780457,5
1,2013-12-06T17:00:00Z,20707,6565,60.15,2013,0,0,1,12,0,0,0,0,0,0,0,0,0,0,0,1,vendredi,0,0,0,0,0,0,1,0,0,0,17,0,0,0,0,0,0,0,0,0,0,0,0,0,0,0,0,0,1,0,0,0,0,0,0,58.17,65.75,66.3,29.83,60.15,428779849,43099225,8878744333243,282946412125,5
1,2013-12-06T18:00:00Z,20488,6381,50.98,2013,0,0,1,12,0,0,0,0,0,0,0,0,0,0,0,1,vendredi,0,0,0,0,0,0,1,0,0,0,18,0,0,0,0,0,0,0,0,0,0,0,0,0,0,0,0,0,0,1,0,0,0,0,0,51.44,56.2,60.82,29.83,60.15,419758144,40717161,8600004854272,259816204341,5
1,2013-12-06T19:00:00Z,19945,6155,49.7,2013,0,0,1,12,0,0,0,0,0,0,0,0,0,0,0,1,vendredi,0,0,0,0,0,0,1,0,0,0,19,0,0,0,0,0,0,0,0,0,0,0,0,0,0,0,0,0,0,0,1,0,0,0,0,48.91,51.28,53.58,29.83,60.15,397803025,37884025,7934181333625,233176173875,5
1,2013-12-06T20:00:00Z,19394,5927,45.3,2013,0,0,1,12,0,0,0,0,0,0,0,0,0,0,0,1,vendredi,0,0,0,0,0,0,1,0,0,0,20,0,0,0,0,0,0,0,0,0,0,0,0,0,0,0,0,0,0,0,0,1,0,0,0,43.01,46.1,48.63,29.83,60.15,376127236,35129329,7294611614984,208211532983,5
1,2013-12-06T21:00:00Z,18648,5716,38.91,2013,0,0,1,12,0,0,0,0,0,0,0,0,0,0,0,1,vendredi,0,0,0,0,0,0,1,0,0,0,21,0,0,0,0,0,0,0,0,0,0,0,0,0,0,0,0,0,0,0,0,0,1,0,0,36.52,40.79,42.01,29.83,60.15,347747904,32672656,6484802913792,186756901696,5
1,2013-12-06T22:00:00Z,17509,5446,37.94,2013,0,0,1,12,0,0,0,0,0,0,0,0,0,0,0,1,vendredi,0,0,0,0,0,0,1,0,0,0,22,0,0,0,0,0,0,0,0,0,0,0,0,0,0,0,0,0,0,0,0,0,0,1,0,35.14,36.79,41.49,29.83,60.15,306565081,29658916,5367648003229,161522456536,5
1,2013-12-06T23:00:00Z,16103,5086,34.25,2013,0,0,1,12,0,0,0,0,0,0,0,0,0,0,0,1,vendredi,0,0,0,0,0,0,1,0,0,0,23,0,0,0,0,0,0,0,0,0,0,0,0,0,0,0,0,0,0,0,0,0,0,0,1,32.86,36.37,42.6,29.83,60.15,259306609,25867396,4175614324727,131561576056,5
1,2013-12-07T00:00:00Z,15139,4815,42.33,2013,0,0,1,12,0,0,0,0,0,0,0,0,0,0,0,1,samedi,1,0,0,0,0,0,0,1,0,1,0,1,0,0,0,0,0,0,0,0,0,0,0,0,0,0,0,0,0,0,0,0,0,0,0,31.56,30.45,41.39,29.83,60.15,229189321,23184225,3469697130619,111632043375,6
1,2013-12-07T01:00:00Z,14440,4555,38.3,2013,0,0,1,12,0,0,0,0,0,0,0,0,0,0,0,1,samedi,1,0,0,0,0,0,0,1,0,1,1,0,1,0,0,0,0,0,0,0,0,0,0,0,0,0,0,0,0,0,0,0,0,0,0,30.02,27.32,35.88,29.83,60.15,208513600,20748025,3010936384000,94507253875,6
1,2013-12-07T02:00:00Z,14045,4388,38.45,2013,0,0,1,12,0,0,0,0,0,0,0,0,0,0,0,1,samedi,1,0,0,0,0,0,0,1,0,1,2,0,0,1,0,0,0,0,0,0,0,0,0,0,0,0,0,0,0,0,0,0,0,0,0,30.08,26.08,34.07,29.83,60.15,197262025,19254544,2770545141125,84488939072,6
1,2013-12-07T03:00:00Z,13776,4296,36.62,2013,0,0,1,12,0,0,0,0,0,0,0,0,0,0,0,1,samedi,1,0,0,0,0,0,0,1,0,1,3,0,0,0,1,0,0,0,0,0,0,0,0,0,0,0,0,0,0,0,0,0,0,0,0,29.83,25.79,32.21,29.83,60.15,189778176,18455616,2614384152576,79285326336,6
1,2013-12-07T04:00:00Z,13504,4225,35.5,2013,0,0,1,12,0,0,0,0,0,0,0,0,0,0,0,1,samedi,1,0,0,0,0,0,0,1,0,1,4,0,0,0,0,1,0,0,0,0,0,0,0,0,0,0,0,0,0,0,0,0,0,0,0,30.37,26.01,34,30.37,60.15,182358016,17850625,2462562648064,75418890625,6
1,2013-12-07T05:00:00Z,13794,4245,38.15,2013,0,0,1,12,0,0,0,0,0,0,0,0,0,0,0,1,samedi,1,0,0,0,0,0,0,1,0,1,5,0,0,0,0,0,1,0,0,0,0,0,0,0,0,0,0,0,0,0,0,0,0,0,0,32.91,31.01,36.57,32.91,60.15,190274436,18020025,2624645570184,76495006125,6
1,2013-12-07T06:00:00Z,14549,4400,40,2013,0,0,1,12,0,0,0,0,0,0,0,0,0,0,0,1,samedi,1,0,0,0,0,0,0,1,0,1,6,0,0,0,0,0,0,1,0,0,0,0,0,0,0,0,0,0,0,0,0,0,0,0,0,40.53,38.41,40.49,34.25,60.15,211673401,19360000,3079636311149,85184000000,6
1,2013-12-07T07:00:00Z,15601,4678,41.55,2013,0,0,1,12,0,0,0,0,0,0,0,0,0,0,0,1,samedi,1,0,0,0,0,0,0,1,0,1,7,0,0,0,0,0,0,0,1,0,0,0,0,0,0,0,0,0,0,0,0,0,0,0,0,45.47,44.16,39.46,34.25,60.15,243391201,21883684,3797146126801,102371873752,6
1,2013-12-07T08:00:00Z,16459,4996,47.64,2013,0,0,1,12,0,0,0,0,0,0,0,0,0,0,0,1,samedi,1,0,0,0,0,0,0,1,0,1,8,0,0,0,0,0,0,0,0,1,0,0,0,0,0,0,0,0,0,0,0,0,0,0,0,42.37,42.5,46.4,34.25,60.15,270898681,24960016,4458721390579,124700239936,6
1,2013-12-07T09:00:00Z,17099,5280,49.67,2013,0,0,1,12,0,0,0,0,0,0,0,0,0,0,0,1,samedi,1,0,0,0,0,0,0,1,0,1,9,0,0,0,0,0,0,0,0,0,1,0,0,0,0,0,0,0,0,0,0,0,0,0,0,44.06,43.09,51.32,34.25,60.15,292375801,27878400,4999333821299,147197952000,6
1,2013-12-07T10:00:00Z,17428,5472,50.55,2013,0,0,1,12,0,0,0,0,0,0,0,0,0,0,0,1,samedi,1,0,0,0,0,0,0,1,0,1,10,0,0,0,0,0,0,0,0,0,0,1,0,0,0,0,0,0,0,0,0,0,0,0,0,44.75,40.34,51.7,34.25,60.15,303735184,29942784,5293496786752,163846914048,6
1,2013-12-07T11:00:00Z,17489,5546,52.7,2013,0,0,1,12,0,0,0,0,0,0,0,0,0,0,0,1,samedi,1,0,0,0,0,0,0,1,0,1,11,0,0,0,0,0,0,0,0,0,0,0,1,0,0,0,0,0,0,0,0,0,0,0,0,43.57,38.75,48.02,34.25,60.15,305865121,30758116,5349275101169,170584511336,6
1,2013-12-07T12:00:00Z,17395,5568,50.3,2013,0,0,1,12,0,0,0,0,0,0,0,0,0,0,0,1,samedi,1,0,0,0,0,0,0,1,0,1,12,0,0,0,0,0,0,0,0,0,0,0,0,1,0,0,0,0,0,0,0,0,0,0,0,41.42,37.45,44.05,34.25,60.15,302586025,31002624,5263483904875,172622610432,6
1,2013-12-07T13:00:00Z,17274,5556,48.39,2013,0,0,1,12,0,0,0,0,0,0,0,0,0,0,0,1,samedi,1,0,0,0,0,0,0,1,0,1,13,0,0,0,0,0,0,0,0,0,0,0,0,0,1,0,0,0,0,0,0,0,0,0,0,39.94,36.79,41.65,34.25,60.15,298391076,30869136,5154407446824,171508919616,6
1,2013-12-07T14:00:00Z,17195,5539,45.85,2013,0,0,1,12,0,0,0,0,0,0,0,0,0,0,0,1,samedi,1,0,0,0,0,0,0,1,0,1,14,0,0,0,0,0,0,0,0,0,0,0,0,0,0,1,0,0,0,0,0,0,0,0,0,38.96,36.36,38.83,34.25,60.15,295668025,30680521,5084011689875,169939405819,6
1,2013-12-07T15:00:00Z,17275,5536,42.79,2013,0,0,1,12,0,0,0,0,0,0,0,0,0,0,0,1,samedi,1,0,0,0,0,0,0,1,0,1,15,0,0,0,0,0,0,0,0,0,0,0,0,0,0,0,1,0,0,0,0,0,0,0,0,39.89,36.82,38.9,34.25,60.15,298425625,30647296,5155302671875,169663430656,6
1,2013-12-07T16:00:00Z,18165,5686,55.09,2013,0,0,1,12,0,0,0,0,0,0,0,0,0,0,0,1,samedi,1,0,0,0,0,0,0,1,0,1,16,0,0,0,0,0,0,0,0,0,0,0,0,0,0,0,0,1,0,0,0,0,0,0,0,51.82,49.76,52,34.25,60.15,329967225,32330596,5993854642125,183831768856,6
1,2013-12-07T17:00:00Z,19700,6031,77.82,2013,0,0,1,12,0,0,0,0,0,0,0,0,0,0,0,1,samedi,1,0,0,0,0,0,0,1,0,1,17,0,0,0,0,0,0,0,0,0,0,0,0,0,0,0,0,0,1,0,0,0,0,0,0,60.15,58.17,61.23,34.25,77.82,388090000,36372961,7645373000000,219365327791,6
1,2013-12-07T18:00:00Z,19866,6059,70.24,2013,0,0,1,12,0,0,0,0,0,0,0,0,0,0,0,1,samedi,1,0,0,0,0,0,0,1,0,1,18,0,0,0,0,0,0,0,0,0,0,0,0,0,0,0,0,0,0,1,0,0,0,0,0,50.98,51.44,53.43,34.25,77.82,394657956,36711481,7840274953896,222434863379,6
1,2013-12-07T19:00:00Z,19631,5981,61.78,2013,0,0,1,12,0,0,0,0,0,0,0,0,0,0,0,1,samedi,1,0,0,0,0,0,0,1,0,1,19,0,0,0,0,0,0,0,0,0,0,0,0,0,0,0,0,0,0,0,1,0,0,0,0,49.7,48.91,49.04,34.25,77.82,385376161,35772361,7565319416591,213954491141,6
1,2013-12-07T20:00:00Z,19313,5864,57.26,2013,0,0,1,12,0,0,0,0,0,0,0,0,0,0,0,1,samedi,1,0,0,0,0,0,0,1,0,1,20,0,0,0,0,0,0,0,0,0,0,0,0,0,0,0,0,0,0,0,0,1,0,0,0,45.3,43.01,44.24,34.25,77.82,372991969,34386496,7203593897297,201642412544,6
1,2013-12-07T21:00:00Z,18777,5722,52.29,2013,0,0,1,12,0,0,0,0,0,0,0,0,0,0,0,1,samedi,1,0,0,0,0,0,0,1,0,1,21,0,0,0,0,0,0,0,0,0,0,0,0,0,0,0,0,0,0,0,0,0,1,0,0,38.91,36.52,42.41,34.25,77.82,352575729,32741284,6620314463433,187345627048,6
1,2013-12-07T22:00:00Z,17851,5523,50.48,2013,0,0,1,12,0,0,0,0,0,0,0,0,0,0,0,1,samedi,1,0,0,0,0,0,0,1,0,1,22,0,0,0,0,0,0,0,0,0,0,0,0,0,0,0,0,0,0,0,0,0,0,1,0,37.94,35.14,41.01,34.25,77.82,318658201,30503529,5688367546051,168470990667,6
1,2013-12-07T23:00:00Z,16687,5255,45.6,2013,0,0,1,12,0,0,0,0,0,0,0,0,0,0,0,1,samedi,1,0,0,0,0,0,0,1,0,1,23,0,0,0,0,0,0,0,0,0,0,0,0,0,0,0,0,0,0,0,0,0,0,0,1,34.25,32.86,40.55,34.25,77.82,278455969,27615025,4646594754703,145116956375,6
1,2013-12-17T00:00:00Z,17549,5444,66.15,2013,0,0,1,12,0,0,0,0,0,0,0,0,0,0,0,1,mardi,0,0,0,1,0,0,0,0,0,0,0,1,0,0,0,0,0,0,0,0,0,0,0,0,0,0,0,0,0,0,0,0,0,0,0,69.65,74.3,38.24,61.57,233,307967401,29637136,5404519920149,161344568384,2
1,2013-12-17T01:00:00Z,16598,5087,71.85,2013,0,0,1,12,0,0,0,0,0,0,0,0,0,0,0,1,mardi,0,0,0,1,0,0,0,0,0,0,1,0,1,0,0,0,0,0,0,0,0,0,0,0,0,0,0,0,0,0,0,0,0,0,0,61.57,70.17,34.86,61.57,233,275493604,25877569,4572642839192,131639193503,2
1,2013-12-17T02:00:00Z,16092,4873,69.78,2013,0,0,1,12,0,0,0,0,0,0,0,0,0,0,0,1,mardi,0,0,0,1,0,0,0,0,0,0,2,0,0,1,0,0,0,0,0,0,0,0,0,0,0,0,0,0,0,0,0,0,0,0,0,71.63,63.03,33.33,66.15,233,258952464,23746129,4167063050688,115714886617,2
1,2013-12-17T03:00:00Z,15972,4783,69.68,2013,0,0,1,12,0,0,0,0,0,0,0,0,0,0,0,1,mardi,0,0,0,1,0,0,0,0,0,0,3,0,0,0,1,0,0,0,0,0,0,0,0,0,0,0,0,0,0,0,0,0,0,0,0,68.94,61.71,32.66,66.15,233,255104784,22877089,4074533610048,109421116687,2
1,2013-12-17T04:00:00Z,16337,4790,64.56,2013,0,0,1,12,0,0,0,0,0,0,0,0,0,0,0,1,mardi,0,0,0,1,0,0,0,0,0,0,4,0,0,0,0,1,0,0,0,0,0,0,0,0,0,0,0,0,0,0,0,0,0,0,0,72.77,61.64,34.2,64.56,233,266897569,22944100,4360305584753,109902239000,2
1,2013-12-17T05:00:00Z,17095,5036,68.87,2013,0,0,1,12,0,0,0,0,0,0,0,0,0,0,0,1,mardi,0,0,0,1,0,0,0,0,0,0,5,0,0,0,0,0,1,0,0,0,0,0,0,0,0,0,0,0,0,0,0,0,0,0,0,82.04,61.79,39.94,64.56,233,292239025,25361296,4995826132375,127719486656,2
1,2013-12-17T06:00:00Z,18865,5586,96.34,2013,0,0,1,12,0,0,0,0,0,0,0,0,0,0,0,1,mardi,0,0,0,1,0,0,0,0,0,0,6,0,0,0,0,0,0,1,0,0,0,0,0,0,0,0,0,0,0,0,0,0,0,0,0,99.83,58.09,50.71,64.56,233,355888225,31203396,6713831364625,174302170056,2
1,2013-12-17T07:00:00Z,20357,6174,113.22,2013,0,0,1,12,0,0,0,0,0,0,0,0,0,0,0,1,mardi,0,0,0,1,0,0,0,0,0,0,7,0,0,0,0,0,0,0,1,0,0,0,0,0,0,0,0,0,0,0,0,0,0,0,0,117.31,54.86,54.95,64.56,233,414407449,38118276,8436092439293,235342236024,2
1,2013-12-17T08:00:00Z,20824,6563,108.14,2013,0,0,1,12,0,0,0,0,0,0,0,0,0,0,0,1,mardi,0,0,0,1,0,0,0,0,0,0,8,0,0,0,0,0,0,0,0,1,0,0,0,0,0,0,0,0,0,0,0,0,0,0,0,102.89,61.32,53.96,64.56,233,433638976,43072969,9030098036224,282687895547,2
1,2013-12-17T09:00:00Z,21171,6833,97.22,2013,0,0,1,12,0,0,0,0,0,0,0,0,0,0,0,1,mardi,0,0,0,1,0,0,0,0,0,0,9,0,0,0,0,0,0,0,0,0,1,0,0,0,0,0,0,0,0,0,0,0,0,0,0,104.48,81.8,54.79,64.56,233,448211241,46689889,9489080183211,319032011537,2
1,2013-12-17T10:00:00Z,21295,6965,102,2013,0,0,1,12,0,0,0,0,0,0,0,0,0,0,0,1,mardi,0,0,0,1,0,0,0,0,0,0,10,0,0,0,0,0,0,0,0,0,0,1,0,0,0,0,0,0,0,0,0,0,0,0,0,104.48,84.49,54.74,64.56,233,453477025,48511225,9656793247375,337880682125,2
1,2013-12-17T11:00:00Z,21287,7022,112.69,2013,0,0,1,12,0,0,0,0,0,0,0,0,0,0,0,1,mardi,0,0,0,1,0,0,0,0,0,0,11,0,0,0,0,0,0,0,0,0,0,0,1,0,0,0,0,0,0,0,0,0,0,0,0,116.43,82.45,53.53,64.56,233,453136369,49308484,9645913886903,346244174648,2
1,2013-12-17T12:00:00Z,21166,7031,90.41,2013,0,0,1,12,0,0,0,0,0,0,0,0,0,0,0,1,mardi,0,0,0,1,0,0,0,0,0,0,12,0,0,0,0,0,0,0,0,0,0,0,0,1,0,0,0,0,0,0,0,0,0,0,0,116.66,78.71,52.22,64.56,233,447999556,49434961,9482358602296,347577210791,2
1,2013-12-17T13:00:00Z,21097,7017,88.66,2013,0,0,1,12,0,0,0,0,0,0,0,0,0,0,0,1,mardi,0,0,0,1,0,0,0,0,0,0,13,0,0,0,0,0,0,0,0,0,0,0,0,0,1,0,0,0,0,0,0,0,0,0,0,116.71,81.61,51.9,64.56,233,445083409,49238289,9389924679673,345505073913,2
1,2013-12-17T14:00:00Z,20984,6996,85.22,2013,0,0,1,12,0,0,0,0,0,0,0,0,0,0,0,1,mardi,0,0,0,1,0,0,0,0,0,0,14,0,0,0,0,0,0,0,0,0,0,0,0,0,0,1,0,0,0,0,0,0,0,0,0,108.58,80.29,51.57,64.56,233,440328256,48944016,9239848123904,342412335936,2
1,2013-12-17T15:00:00Z,21124,7019,100,2013,0,0,1,12,0,0,0,0,0,0,0,0,0,0,0,1,mardi,0,0,0,1,0,0,0,0,0,0,15,0,0,0,0,0,0,0,0,0,0,0,0,0,0,0,1,0,0,0,0,0,0,0,0,99.1,74.2,52.19,64.56,233,446223376,49266361,9426022594624,345800587859,2
1,2013-12-17T16:00:00Z,21967,7175,124.37,2013,0,0,1,12,0,0,0,0,0,0,0,0,0,0,0,1,mardi,0,0,0,1,0,0,0,0,0,0,16,0,0,0,0,0,0,0,0,0,0,0,0,0,0,0,0,1,0,0,0,0,0,0,0,126.99,86.91,59.8,64.56,233,482549089,51480625,10600155838063,369373484375,2
1,2013-12-17T17:00:00Z,23373,7393,161.95,2013,0,0,1,12,0,0,0,0,0,0,0,0,0,0,0,1,mardi,0,0,0,1,0,0,0,0,0,0,17,0,0,0,0,0,0,0,0,0,0,0,0,0,0,0,0,0,1,0,0,0,0,0,0,233,115.6,80.06,64.56,233,546297129,54656449,12768602796117,404075127457,2
1,2013-12-17T18:00:00Z,23490,7333,126.25,2013,0,0,1,12,0,0,0,0,0,0,0,0,0,0,0,1,mardi,0,0,0,1,0,0,0,0,0,0,18,0,0,0,0,0,0,0,0,0,0,0,0,0,0,0,0,0,0,1,0,0,0,0,0,173.83,103.25,71.78,64.56,173.83,551780100,53772889,12961314549000,394316595037,2
1,2013-12-17T19:00:00Z,23091,7167,113.92,2013,0,0,1,12,0,0,0,0,0,0,0,0,0,0,0,1,mardi,0,0,0,1,0,0,0,0,0,0,19,0,0,0,0,0,0,0,0,0,0,0,0,0,0,0,0,0,0,0,1,0,0,0,0,138.15,98.03,63.34,64.56,161.95,533194281,51365889,12311989142571,368139326463,2
1,2013-12-17T20:00:00Z,22504,6958,107.26,2013,0,0,1,12,0,0,0,0,0,0,0,0,0,0,0,1,mardi,0,0,0,1,0,0,0,0,0,0,20,0,0,0,0,0,0,0,0,0,0,0,0,0,0,0,0,0,0,0,0,1,0,0,0,135.53,90.93,57,64.56,161.95,506430016,48413764,11396701080064,336862969912,2
1,2013-12-17T21:00:00Z,21538,6707,89.02,2013,0,0,1,12,0,0,0,0,0,0,0,0,0,0,0,1,mardi,0,0,0,1,0,0,0,0,0,0,21,0,0,0,0,0,0,0,0,0,0,0,0,0,0,0,0,0,0,0,0,0,1,0,0,110.64,85.37,53.52,64.56,161.95,463885444,44983849,9991164692872,301706675243,2
1,2013-12-17T22:00:00Z,20025,6316,85.4,2013,0,0,1,12,0,0,0,0,0,0,0,0,0,0,0,1,mardi,0,0,0,1,0,0,0,0,0,0,22,0,0,0,0,0,0,0,0,0,0,0,0,0,0,0,0,0,0,0,0,0,0,1,0,88.31,74.54,48.19,64.56,161.95,401000625,39891856,8030037515625,251956962496,2
1,2013-12-17T23:00:00Z,18306,5812,86.13,2013,0,0,1,12,0,0,0,0,0,0,0,0,0,0,0,1,mardi,0,0,0,1,0,0,0,0,0,0,23,0,0,0,0,0,0,0,0,0,0,0,0,0,0,0,0,0,0,0,0,0,0,0,1,88.33,80.13,47.21,64.56,161.95,335109636,33779344,6134516996616,196325547328,2
